,area,linear,quadratic
0,input,-42.21678335105675,-26.068156738953505
