,area,linear,quadratic
0,input,-15.683305124492584,0.6573909772982773
