,area,AIC,AICc,Chi2,BIC,R2,slope,intercept
0,input,-82.46383341890385,-64.21383341890385,1.2766129775478336,-79.79942439855344,0.8625006415172531,1.3631784110989498,0.09745372183758835
