area,log-normal res,normal res,deltaAICc
input,287.7990674247256,281.4705206959628,6.328546728762774
