area,log-normal res,normal res,deltaAICc
input,194.41362939112364,202.58280495441298,-8.169175563289343
