,area,linear,power-law,exponential,quadratic,growth,hill
0,input,184.33398202348653,182.27827355041006,185.08376275295453,191.86230796282746,180.3352767223578,189.46782359614403
