,area,AIC,AICc,Chi2,BIC,R2,slope,intercept
0,input,-132.46142248166979,-114.37318718755213,10.819700410575173,-127.90809024363767,0.6466353379642158,0.789565685982461,1.8503133362506075
