area,log-normal res,normal res,deltaAICc
input,281.75695996927664,291.5931404450947,-9.836180475818082
