,area,AIC,AICc,Chi2,BIC,R2,a,b
0,input,342.92786317315415,361.3564346017256,2708599340.5982304,344.7086066889465,0.09479376150771535,16972.720036846476,-21748.798783598446
