,area,AIC,AICc,Chi2,BIC,R2,slope,intercept
0,input,342.6099766014267,361.03854802999814,2661184402.247109,344.390720117219,0.11062795185934726,1.3273755743998588,15757.794645284685
