,area,AIC,AICc,Chi2,BIC,R2,i_max,ks
0,input,340.2979677838879,358.72653921245933,2340410528.2101645,342.0787112996802,0.21795489754398856,39304.19689379734,2091.0566713351272
