,area,AIC,AICc,Chi2,BIC,R2,amplitude,exponent
0,input,341.3360997195592,359.7646711481306,2479359720.967303,343.1168432353515,0.17146031555718855,1573.481154450325,0.32584835273829016
