,area,AIC,AICc,Chi2,BIC,R2,slope,intercept
0,input,-21.525455300403948,-2.9254553004039465,2.261007527215514,-20.24734064117343,0.3617012838732402,0.36219934742326426,3.1990912292923466
