area,log-normal res,normal res,deltaAICc
input,858.7609265122607,865.7851130678469,-7.024186555586198
