,area,linear,power-law,exponential,quadratic,growth,hill
0,input,16.114337511515885,8.955342227881363,26.12891454124125,23.272846010087427,12.531131454096247,25.047631330310814
