,area,linear,power-law,exponential,quadratic,growth,hill
0,input,310.2263655182862,309.14454485073344,327.3176160711909,323.56730808170175,310.4309800591399,325.3718341864667
