,area,AIC,AICc,Chi2,BIC,R2,slope,intercept
0,LP,-49.753648693608056,-31.503648693608056,4.105926191000469,-47.08923967325765,0.6352815637703726,0.6133475618221166,1.7255415021869012
