,area,AIC,AICc,Chi2,BIC,R2,slope,intercept
0,AM,-42.90396090519552,-24.653960905195518,5.243887168026673,-40.23955188484511,0.5273660376282276,0.5547752685097518,1.0953710430223127
