,area,AIC,AICc,Chi2,BIC,R2,slope,intercept
0,VISam,-51.43268489412785,-33.18268489412785,3.8669487677371,-48.76827587377745,0.5854960878318448,0.5360171665249016,1.5501226122446707
