,area,AIC,AICc,Chi2,BIC,R2,slope,intercept
0,MOs,-59.501955597524045,-41.251955597524045,2.898743956001647,-56.83754657717364,0.7672804427437578,0.7090263221950823,0.8808788717750174
