,area,AIC,AICc,Chi2,BIC,R2,slope,intercept
0,RSP,-69.2958209359268,-51.0458209359268,2.0431579377084694,-66.6314119155764,0.6911956116582746,0.49046331717019626,2.505376693346758
