,area,AIC,AICc,Chi2,BIC,R2,slope,intercept
0,VISl,-62.58864506009162,-44.33864506009162,2.596173460987858,-59.92423603974122,0.7150431196879872,0.5853831299291058,1.5996507982496124
