,area,AIC,AICc,Chi2,BIC,R2,slope,intercept
0,PTLp,-57.75707308487492,-39.50707308487492,3.085132965707055,-55.09266406452451,0.7279326999762625,0.6589328969202148,1.324479569735828
