,area,AIC,AICc,Chi2,BIC,R2,slope,intercept
0,ACA,-63.610894610458644,-45.360894610458644,2.5030993465651243,-60.94648559010824,0.7868181722686476,0.6971046034816489,1.2450667659847945
