,area,AIC,AICc,Chi2,BIC,R2,slope,intercept
0,RSPv,-70.51486829142631,-52.26486829142631,1.956112751862666,-67.8504592710759,0.6699407508181594,0.456999782424783,2.2192944220404116
