,area,AIC,AICc,Chi2,BIC,R2,slope,intercept
0,TEa,-63.67958538502923,-45.42958538502923,2.4969661644116052,-61.01517636467882,0.8302480074641614,0.8014927835337479,0.85157901378594
