,area,AIC,AICc,Chi2,BIC,R2,slope,intercept
0,CLA,-61.930219538260076,-43.680219538260076,2.657946447392443,-59.26581051790967,0.8074597013322794,0.7657191844640272,0.5486098172633718
