,area,AIC,AICc,Chi2,BIC,R2,slope,intercept
0,input,-92.35274902608262,-74.10274902608262,0.896761715819865,-89.68834000573221,0.8393459496059229,0.49643226230330234,3.2689365935990935
