,area,AIC,AICc,Chi2,BIC,R2,slope,intercept
0,VISpm,-57.11320546653858,-38.86320546653858,3.156898408274558,-54.448796446188176,0.5204959336894599,0.42456054626070966,1.956975795995262
