,area,AIC,AICc,Chi2,BIC,R2,slope,intercept
0,ORB,-53.804868419917106,-35.554868419917106,3.5528316156333033,-51.1404593995667,0.6523002265863347,0.5921144780598895,1.551469152298246
