,area,AIC,AICc,Chi2,BIC,R2,slope,intercept
0,VISal,-74.45524846982995,-56.205248469829954,1.6993254029924327,-71.79083944947955,0.7445439484009058,0.5104135008132885,1.5752050729406841
