,area,AIC,AICc,Chi2,BIC,R2,slope,intercept
0,LGd,-62.5833075154885,-44.3333075154885,2.596668407863001,-59.918898495138095,0.3997616615988946,0.30160862910448827,2.05170767516074
