,area,AIC,AICc,Chi2,BIC,R2,slope,intercept
0,AUD,-65.57814990784561,-47.328149907845614,2.3332696913861355,-62.91374088749521,0.8120274963696268,0.7281443460494729,1.3464334516693335
