,area,AIC,AICc,Chi2,BIC,R2,slope,intercept
0,VISp,-74.37325641804652,-56.12325641804652,1.7043088092990373,-71.70884739769612,0.6937138883648599,0.4506065433361844,2.620688194443251
