,area,AIC,AICc,Chi2,BIC,R2,slope,intercept
0,Thal,-93.53117269563225,-75.28117269563225,0.8598032822016325,-90.86676367528185,0.7855457847650884,0.4070191214537349,2.5748379154257894
