,area,AIC,AICc,Chi2,BIC,R2,slope,intercept
0,LD,-102.7171200574182,-84.4671200574182,0.6193274138450331,-100.0527110370678,0.8052045588508294,0.3669616477585349,2.0135623098984117
