,area,AIC,AICc,Chi2,BIC,R2,slope,intercept
0,VIS,-84.76104249820378,-66.51104249820378,1.1760569534362704,-82.09663347785337,0.7729394806588761,0.45889456719143734,2.8437235781087047
