,area,linear,power-law,exponential,quadratic,growth,hill
0,input,261.7613576045908,261.16599589086695,275.402864083968,276.3522842565092,260.612376246087,276.64962929147146
