,area,AIC,AICc,Chi2,BIC,R2,slope,intercept
0,input,-53.01667517833037,-34.51667517833037,0.45341227121164474,-51.4714977338508,0.6169995284477738,0.84007668821343,2.1947118542525197
