,area,AIC,AICc,Chi2,BIC,R2,slope,intercept
0,input,-60.59178335105675,-42.21678335105675,0.791475072624188,-58.60031880394877,0.7315647387906097,0.49477525472553713,-0.5822703893125852
