,area,AIC,AICc,Chi2,BIC,R2,a,b,c
0,input,290.840035354429,323.56730808170175,862280284.571493,293.1578015211484,0.7130934573237142,0.11871657565781144,-0.9307080749810305,7661.829482455341
