,area,AIC,AICc,Chi2,BIC,R2,i_max,ks
0,input,291.9309800591399,310.4309800591399,1046037419.590148,293.4761575036195,0.6528961331670994,851142704701.4448,12114024461.101425
