,area,AIC,AICc,Chi2,BIC,R2,amplitude,exponent
0,input,290.64454485073344,309.14454485073344,965225948.4916624,292.189722295213,0.681014594201262,11.728368098075602,1.2986134425586382
