,area,AIC,AICc,Chi2,BIC,R2,a,b
0,input,308.8176160711909,327.3176160711909,3005439729.0458493,310.3627935156705,-4.3270158789354696e-08,19339.750484996883,7742920301.08792
