,area,linear,quadratic
0,input,1.0358800783271391,17.31290609873145
