,area,linear,power-law,exponential,quadratic,growth,hill
0,input,268.1249172921157,266.06286095458825,268.1254343813164,275.87739800658085,263.86172488707433,280.1372308610125
