,area,AIC,AICc,Chi2,BIC,R2,slope,intercept
0,input,102.08961766438026,122.08961766438026,8526697.423187675,101.98143796249089,0.7288189174651052,33.48391064888592,129.97528586205232
