,area,AIC,AICc,Chi2,BIC,R2,a,b
0,input,111.22439713593242,131.2243971359324,31442818.50064248,111.11621743404305,-1.5922315910188445e-08,5430.000044840625,14845918002.75727
