,area,AIC,AICc,Chi2,BIC,R2,a,b,c
0,input,104.03038127617467,140.03038127617467,8454846.044739263,103.8681117233406,0.731104061832522,0.035135508508667604,23.50494883979003,726.6116299064818
