,area,AIC,AICc,Chi2,BIC,R2,i_max,ks
0,input,102.09974368491541,122.09974368491541,8539040.850764487,101.99156398302604,0.7284673239235852,7975728706.338779,233076422.19966543
