,area,AIC,AICc,Chi2,BIC,R2,amplitude,exponent
0,input,102.0921497109419,122.0921497109419,8529782.266064817,101.98397000905253,0.7287216834972727,39.272400867656266,0.9735640892430489
