,area,linear,power-law,exponential,quadratic,growth,hill
0,input,765.3200035840831,764.9456668551242,769.5836857512638,781.3647631862818,765.6011046485954,781.0057628010433
