,area,AIC,AICc,Chi2,BIC,R2,i_max,ks
0,input,131.17016626190062,150.67016626190062,64084451.3880528,131.3290493452603,0.21451179348421034,7208.848848418438,109.47157787418756
