,area,AIC,AICc,Chi2,BIC,R2,a,b
0,input,132.79644749491914,152.29644749491914,78530487.13830985,132.95533057827882,0.037170156183464975,4270.345195789451,-3959.179973958154
