,area,AIC,AICc,Chi2,BIC,R2,slope,intercept
0,input,132.72470741878413,152.22470741878413,77829412.39290048,132.88359050214382,0.04576118459975276,1.5916483623144368,4101.158786695704
