,area,AIC,AICc,Chi2,BIC,R2,amplitude,exponent
0,input,131.99124628343753,151.49124628343753,71011140.21326238,132.1501293667972,0.1294246402985364,1423.4640398742436,0.21429073779231328
