,area,linear,quadratic
0,input,-114.37318718755213,-100.90341394124505
