area,log-normal res,normal res,deltaAICc
input,158.0344750710281,162.69426284000366,-4.659787768975548
