,area,AIC,AICc,Chi2,BIC,R2,amplitude,exponent
0,input,163.52827355041006,182.27827355041006,7123640.405683258,164.49808684998607,0.29340405527007074,305.89477674656695,0.39516351315069087
