,area,AIC,AICc,Chi2,BIC,R2,slope,intercept
0,input,165.58398202348653,184.33398202348653,8454745.886796037,166.55379532306253,0.16049043460271795,9.3656019500459,861.8963563265689
