,area,AIC,AICc,Chi2,BIC,R2,i_max,ks
0,input,161.5852767223578,180.3352767223578,6058743.802968832,162.5550900219338,0.4003695185717294,2595.9803156674348,34.388747274264645
