,area,AIC,AICc,Chi2,BIC,R2,a,b
0,input,166.33376275295453,185.08376275295453,8999865.696105547,167.30357605253053,0.10648747090287114,1094.9133382806035,-242.3444963635689
