,area,linear,quadratic
0,input,-12.00894531212866,1.417439224630634
