,area,AIC,AICc,Chi2,BIC,R2,slope,intercept
0,input,-1039.004083436622,-1020.9756474176647,1.6811132868695071,-1032.2628073803667,0.9796404623232259,0.949560363080776,1.465067781497348
