,area,AIC,AICc,Chi2,BIC,R2,slope,intercept
0,input,3358.6676869332227,3376.6961229521803,1284638957.31807,3365.408962989478,0.8584338909769935,19.649713521865657,822.2376765274714
