,area,AIC,AICc,Chi2,BIC,R2,slope,intercept
0,input,-988.0622263013424,-970.0337902823851,2.130581857812005,-981.3209502450871,0.9747449359134029,0.9574035970147898,1.4430917353238024
