,area,AIC,AICc,Chi2,BIC,R2,slope,intercept
0,input,-1044.7072499879903,-1026.678813969033,1.6371057376698062,-1037.9659739317349,0.9808647640538704,0.9671653020689868,1.4106930905912836
