,area,AIC,AICc,Chi2,BIC,R2,slope,intercept
0,input,3308.3033560541667,3326.3317920731242,1016357350.28503,3315.044632110422,0.8718295977629783,18.51130541022036,1004.1981229496179
