,area,AIC,AICc,Chi2,BIC,R2,slope,intercept
0,input,3333.4064213314214,3351.434857350379,1142231097.891129,3340.1476973876765,0.8703722888101642,19.49721094244535,812.3735463761919
