,area,AIC,AICc,Chi2,BIC,R2,amplitude,exponent
0,input,3330.651759348257,3348.6801953672148,1127689751.074487,3337.3930354045124,0.8746327085242976,48.323974739305555,0.8711016763375473
