,area,AIC,AICc,Chi2,BIC,R2,slope,intercept
0,input,-1020.1228037489309,-1002.0943677299736,1.835425161345985,-1013.3815276926756,0.9787912434721112,0.9716961033309435,1.4036444720216026
