,area,AIC,AICc,Chi2,BIC,R2,amplitude,exponent
0,input,3381.1443427302456,3399.172778749203,1426209601.6261125,3387.885618786501,0.845161780266968,49.92089638156937,0.8664043804205873
