,area,AIC,AICc,Chi2,BIC,R2,amplitude,exponent
0,input,3342.1699535365606,3360.198389555518,1189751031.604599,3348.9112295928157,0.8742718142228478,36.96075889196755,0.9136676543672657
