,area,AIC,AICc,Chi2,BIC,R2,slope,intercept
0,input,-1010.9533376205637,-992.9249016016064,1.9153968430156147,-1004.2120615643084,0.97665935921721,0.9451902663384631,1.4688336966189839
