,area,AIC,AICc,Chi2,BIC,R2,slope,intercept
0,input,-943.9267471899238,-925.8983111709665,2.616078428059977,-937.1854711336686,0.9702246194343439,0.974782111649781,1.3959261001408774
