,area,AIC,AICc,Chi2,BIC,R2,slope,intercept
0,input,-991.1803697224293,-973.151933703472,2.099905035343668,-984.439093666174,0.9747674434621438,0.9509209029041321,1.4524624762158806
