,area,AIC,AICc,Chi2,BIC,R2,amplitude,exponent
0,input,3282.625320182393,3300.6537562013505,901939607.6849072,3289.366596238648,0.9000300240994654,40.85726405006016,0.8979705608108134
