,area,AIC,AICc,Chi2,BIC,R2,amplitude,exponent
0,input,3389.0834444791494,3407.111880498107,1479858317.1667771,3395.8247205354046,0.8407343018224509,58.844924408701154,0.8414398910160162
