,area,AIC,AICc,Chi2,BIC,R2,amplitude,exponent
0,input,3385.3373770023572,3403.365813021315,1454297232.0165193,3392.0786530586124,0.8375311455021863,47.68731732141973,0.8702453155128613
