,area,AIC,AICc,Chi2,BIC,R2,amplitude,exponent
0,input,3350.1462280891456,3368.174664108103,1234718513.1210723,3356.8875041454007,0.8635415875519172,57.09408097546822,0.8464896958334466
