,area,AIC,AICc,Chi2,BIC,R2,slope,intercept
0,input,3342.6316821454607,3360.6601181644182,1192308856.6646118,3349.372958201716,0.8475964901020967,18.12939763226534,974.8920396220443
