,area,AIC,AICc,Chi2,BIC,R2,slope,intercept
0,input,3385.3784747616246,3403.406910780582,1454575250.9483333,3392.11975081788,0.8474093144787078,20.0097932232892,546.0381599197763
