,area,AIC,AICc,Chi2,BIC,R2,slope,intercept
0,input,3344.5639015666143,3362.592337585572,1203072510.728345,3351.3051776228695,0.861265162227468,19.240372502990148,765.0230751193557
