,area,AIC,AICc,Chi2,BIC,R2,slope,intercept
0,input,-1008.8552854190641,-990.8268494001068,1.9341795129157078,-1002.1140093628088,0.976983548049262,0.9566377451143624,1.4320598076836448
