,area,AIC,AICc,Chi2,BIC,R2,slope,intercept
0,input,3362.192765668368,3380.2212016873254,1305875147.1362674,3368.934041724623,0.861396528756201,20.056596278504745,601.3811629488067
