,area,AIC,AICc,Chi2,BIC,R2,slope,intercept
0,input,-996.2614243062769,-978.2329882873196,2.050860190830993,-989.5201482500216,0.9762051110946596,0.96843708442349,1.4209853879060337
