,area,AIC,AICc,Chi2,BIC,R2,slope,intercept
0,input,-1008.4164975208723,-990.388061501915,1.9381309603202106,-1001.675221464617,0.97770883755284,0.9734298459842828,1.3944896698950167
