,area,AIC,AICc,Chi2,BIC,R2,slope,intercept
0,input,3372.6868098422983,3390.715245861256,1371195428.114769,3379.4280858985535,0.8570287489521067,20.18435677139201,290.98157751808293
