,area,AIC,AICc,Chi2,BIC,R2,slope,intercept
0,input,-974.1846034854038,-956.1561674664465,2.272640105974256,-967.4433274291486,0.9728892855388928,0.9534573001412311,1.4456834700626882
