,area,AIC,AICc,Chi2,BIC,R2,amplitude,exponent
0,input,3363.6242706740995,3381.652706693057,1314598886.295142,3370.3655467303547,0.8593336464438727,51.581085062091056,0.8628164332752539
