,area,AIC,AICc,Chi2,BIC,R2,slope,intercept
0,input,-1002.5206320060089,-984.4921959870516,1.9920150542172117,-995.7793559497536,0.9765536988549326,0.9616828906963132,1.437194108191107
