,area,AIC,AICc,Chi2,BIC,R2,slope,intercept
0,input,3283.223499350525,3301.2519353694825,904452504.0423244,3289.96477540678,0.8975601780336091,19.81901938392864,698.4698185350125
