,area,AIC,AICc,Chi2,BIC,R2,amplitude,exponent
0,inputs,3380.1596512237884,3398.188087242746,1419692553.2966244,3386.9009272800436,0.8500124950886625,34.163463124674664,0.9235862741492549
