,area,AIC,AICc,Chi2,BIC,R2,slope,intercept
0,input,-1000.9101360120508,-982.8816999930934,2.006992625691987,-994.1688599557955,0.976560573504968,0.965436418208295,1.4194536275270804
