,area,AIC,AICc,Chi2,BIC,R2,slope,intercept
0,input,3370.381284836399,3388.4097208553567,1356570145.6099205,3377.1225608926543,0.8547966721514674,19.895559334446503,695.3678270299478
