,area,AIC,AICc,Chi2,BIC,R2,slope,intercept
0,input,3350.558898513019,3368.5873345319765,1237090704.387032,3357.300174569274,0.856193061248972,19.10682835627296,839.7645375544164
