,area,AIC,AICc,Chi2,BIC,R2,slope,intercept
0,input,3297.600057576593,3315.6284935955505,966999042.622183,3304.341333632848,0.9083419667500002,21.794371226106616,149.43149235706025
