,area,AIC,AICc,Chi2,BIC,R2,amplitude,exponent
0,input,3367.741674207817,3385.7701102267747,1340017004.457218,3374.4829502640723,0.8522694883577384,51.4870124783049,0.8605442658744534
