,area,AIC,AICc,Chi2,BIC,R2,slope,intercept
0,input,3366.3349046730755,3384.363340692033,1331277742.4541938,3373.0761807293306,0.8616129734160889,20.26910910817222,432.9204502155323
