,area,AIC,AICc,Chi2,BIC,R2,slope,intercept
0,input,-1004.1263100672869,-986.0978740483296,1.9771935621853627,-997.3850340110316,0.9775934609104722,0.9805980689593047,1.38924234381798
