,area,AIC,AICc,Chi2,BIC,R2,amplitude,exponent
0,input,3378.0894084691577,3396.117844488115,1406087887.5207825,3384.830684525413,0.8573447363264002,45.83810661284002,0.884319738181281
