,area,AIC,AICc,Chi2,BIC,R2,amplitude,exponent
0,input,3373.219036687926,3391.2474727068834,1374593991.1265936,3379.960312744181,0.8567170897646698,24.35479556989921,0.9746868604625311
