,area,AIC,AICc,Chi2,BIC,R2,slope,intercept
0,input,3364.730347736797,3382.7587837557544,1321379324.9155607,3371.471623793052,0.8518694853846718,19.407514437201446,794.9427138303726
