,area,AIC,AICc,Chi2,BIC,R2,slope,intercept
0,input,-1013.3248401389396,-995.2964041199823,1.894385640338401,-1006.5835640826843,0.9781996511485962,0.973399038589308,1.3985995296673481
