,area,AIC,AICc,Chi2,BIC,R2,amplitude,exponent
0,input,3313.1321659306395,3331.160601949597,1039442582.2489709,3319.8734419868947,0.8890850005977412,39.71723814958465,0.9037208503719469
