,area,AIC,AICc,Chi2,BIC,R2,slope,intercept
0,input,3379.398823250264,3397.4272592692214,1414677516.5847669,3386.140099306519,0.8283485573281131,18.395155187180634,914.3959818161635
