,area,AIC,AICc,Chi2,BIC,R2,slope,intercept
0,input,-1021.6407039892763,-1003.612267970319,1.8225126923116308,-1014.899427933021,0.9786053941767303,0.9639657975952733,1.4278170440139275
