,area,AIC,AICc,Chi2,BIC,R2,slope,intercept
0,input,-971.5958538894466,-953.5674178704893,2.3001696791516,-964.8545778331913,0.9742729619590333,0.9853716298487748,1.3667842791465479
