,area,AIC,AICc,Chi2,BIC,R2,amplitude,exponent
0,input,3297.6181111639144,3315.646547182872,967080245.1088969,3304.3593872201695,0.9083364055709038,24.953613459835726,0.9809742695448422
