,area,AIC,AICc,Chi2,BIC,R2,slope,intercept
0,input,3301.771180111327,3319.7996161302844,985942538.3139291,3308.512456167582,0.8958776941824993,20.505491086573013,547.0521647929938
