,area,AIC,AICc,Chi2,BIC,R2,slope,intercept
0,input,3383.1643897267973,3401.192825745755,1439672798.2469666,3389.9056657830524,0.8523742984155522,20.298221361322263,605.2729028904428
