,area,AIC,AICc,Chi2,BIC,R2,slope,intercept
0,input,3351.0082176391475,3369.036653658105,1239678749.6932983,3357.7494936954026,0.8736862632308424,20.615740535955595,386.13058773097123
