,area,AIC,AICc,Chi2,BIC,R2,slope,intercept
0,input,-996.1501956785238,-978.1217596595665,2.0519214623730346,-989.4089196222685,0.975604044611878,0.9563853919848149,1.4441448261367675
