,area,AIC,AICc,Chi2,BIC,R2,amplitude,exponent
0,input,3328.640641773229,3346.6690777921867,1117190483.2273538,3335.3819178294843,0.8572820810242443,70.31343289982725,0.8054644236206815
