,area,AIC,AICc,Chi2,BIC,R2,slope,intercept
0,input,-976.9960651314746,-958.9676291125172,2.2431152407397104,-970.2547890752193,0.9717800684365832,0.9279113668055181,1.493692067987717
