,area,AIC,AICc,Chi2,BIC,R2,amplitude,exponent
0,input,3381.497394139406,3399.5258301583635,1428553503.7440028,3388.238670195661,0.8413890160400276,59.40633929592685,0.8388538936891938
