,area,AIC,AICc,Chi2,BIC,R2,amplitude,exponent
0,input,3317.3535109638647,3335.3819469828222,1060052837.7375523,3324.09478702012,0.8784725680304823,46.39200204415519,0.8756577158374357
