,area,AIC,AICc,Chi2,BIC,R2,amplitude,exponent
0,input,3328.9140277423217,3346.942463761279,1118611964.4750435,3335.655303798577,0.8782113687728247,39.127664213678564,0.9034397132068543
