,area,AIC,AICc,Chi2,BIC,R2,slope,intercept
0,input,-1020.2819007368582,-1002.2534647179009,1.8340674748366868,-1013.540624680603,0.9785555787560409,0.9658683265513817,1.418546205207566
