,area,AIC,AICc,Chi2,BIC,R2,slope,intercept
0,input,-1008.0639752381688,-990.0355392192115,1.9413114011818526,-1001.3226991819135,0.9767660863324387,0.9537979600767263,1.4465720240566997
