,area,AIC,AICc,Chi2,BIC,R2,amplitude,exponent
0,input,3355.244350873982,3373.2727868929396,1264346285.8162963,3361.9856269302372,0.8594379225761634,46.810745382294535,0.8746625403426243
