,area,AIC,AICc,Chi2,BIC,R2,amplitude,exponent
0,input,3317.7725896391084,3335.801025658066,1062121111.1458085,3324.5138656953636,0.886245990095838,37.4066688160092,0.9124231132705677
