,area,AIC,AICc,Chi2,BIC,R2,amplitude,exponent
0,input,3447.894762357724,3465.9231983766817,1945438428.809085,3454.6360384139793,0.8058846140329765,45.05871479034177,0.8831486742847973
