,area,AIC,AICc,Chi2,BIC,R2,amplitude,exponent
0,input,3365.2010908947086,3383.229526913666,1324275658.599621,3371.942366950964,0.8459187228698755,61.023141866398014,0.832095080479838
