,area,AIC,AICc,Chi2,BIC,R2,slope,intercept
0,input,-935.8593888214688,-917.8309528025114,2.7161053846287313,-929.1181127652135,0.9680832446780765,0.9582856375167096,1.4342693367016814
