,area,AIC,AICc,Chi2,BIC,R2,slope,intercept
0,input,-983.4802523187965,-965.4518162998392,2.1764750574170324,-976.7389762625412,0.9737511475622608,0.9486813521230096,1.4535742077626939
