,area,AIC,AICc,Chi2,BIC,R2,slope,intercept
0,input,-1027.7703902453493,-1009.741954226392,1.771286255116863,-1021.029114189094,0.9791460314394663,0.9628273966272896,1.4325046539290627
