,area,AIC,AICc,Chi2,BIC,R2,slope,intercept
0,input,3346.460600874964,3364.4890368939214,1213732797.3038874,3353.201876931219,0.8662204915776596,19.736624191304006,577.0405332640114
