,area,AIC,AICc,Chi2,BIC,R2,slope,intercept
0,input,3377.1805274654853,3395.208963484443,1400156403.034587,3383.9218035217405,0.8478908201885087,19.668553841116324,895.4386084835415
