,area,AIC,AICc,Chi2,BIC,R2,slope,intercept
0,input,-1006.958130826585,-988.9296948076277,1.9513221863192487,-1000.2168547703297,0.9771265494811538,0.9639372033660532,1.4231321965007602
