,area,AIC,AICc,Chi2,BIC,R2,slope,intercept
0,input,-956.5928665080988,-938.5644304891415,2.4664114264279515,-949.8515904518435,0.9701836366778366,0.9458169327626971,1.4552385069692606
