,area,AIC,AICc,Chi2,BIC,R2,slope,intercept
0,input,3348.6016103063657,3366.6300463253233,1225879751.5195801,3355.342886362621,0.8697649721438869,20.144332817646724,526.0635925020258
