,area,AIC,AICc,Chi2,BIC,R2,slope,intercept
0,input,-994.9765261574519,-976.9480901384945,2.0631533831389333,-988.2352501011966,0.9754502682666902,0.9559157898364858,1.4233654251780399
