,area,AIC,AICc,Chi2,BIC,R2,slope,intercept
0,input,-989.2301541293828,-971.2017181104254,2.119039442068437,-982.4888780731275,0.9746774626254523,0.9535007919075925,1.4441461328244591
