,area,AIC,AICc,Chi2,BIC,R2,slope,intercept
0,input,3335.8567100116015,3353.885146030559,1155323215.0818539,3342.5979860678567,0.8711817572014977,19.679286580817394,749.0142750002791
