,area,AIC,AICc,Chi2,BIC,R2,slope,intercept
0,input,-1006.9988687668283,-988.970432747871,1.9509524871750936,-1000.257592710573,0.9762586574405201,0.945644377108804,1.484157174487658
