,area,AIC,AICc,Chi2,BIC,R2,amplitude,exponent
0,input,3359.1337071531016,3377.162143172059,1287426478.319401,3365.8749832093567,0.8638250285546665,40.31478121807956,0.9009529461447751
