,area,AIC,AICc,Chi2,BIC,R2,slope,intercept
0,input,-978.8665006102055,-960.8380645912482,2.223685450518574,-972.1252245539503,0.9732080813408726,0.948882219749709,1.470684022430932
