,area,AIC,AICc,Chi2,BIC,R2,amplitude,exponent
0,input,3350.1935944408306,3368.222030459788,1234990562.20979,3356.9348704970857,0.8654211970834329,38.44669416395574,0.9054662818374452
