,area,AIC,AICc,Chi2,BIC,R2,amplitude,exponent
0,input,3335.0686988381,3353.0971348570574,1151096511.6380146,3341.809974894355,0.8755649376717405,48.13490366102155,0.874306874884437
