,area,AIC,AICc,Chi2,BIC,R2,slope,intercept
0,input,-1024.714343182879,-1006.6859071639217,1.7966434118520043,-1017.9730671266237,0.9786016504250951,0.9570143803990423,1.4365812834948741
