,area,AIC,AICc,Chi2,BIC,R2,amplitude,exponent
0,input,3294.8006714398152,3312.829107458773,954489941.1515173,3301.5419474960704,0.8796728465804007,68.61544170513042,0.8124540792787586
