,area,AIC,AICc,Chi2,BIC,R2,amplitude,exponent
0,input,3365.6363280944074,3383.664764113365,1326959183.3305056,3372.3776041506626,0.8620635226935558,32.83432946056699,0.9314293836251641
