,area,AIC,AICc,Chi2,BIC,R2,slope,intercept
0,input,-981.5417800174772,-963.5133439985199,2.1961872138727037,-974.8005039612219,0.9740640802889056,0.958853600315433,1.4300152989912307
