,area,AIC,AICc,Chi2,BIC,R2,amplitude,exponent
0,input,3322.6005163194736,3340.628952338431,1086241345.0975578,3329.341792375729,0.8754115311097966,43.24038578995638,0.8849504888920026
