,area,AIC,AICc,Chi2,BIC,R2,amplitude,exponent
0,input,3361.248121280831,3379.2765572997887,1300150116.4879127,3367.9893973370863,0.8640571494933601,42.731839903247604,0.8921512428980501
