,area,AIC,AICc,Chi2,BIC,R2,amplitude,exponent
0,input,3322.969845684388,3340.9982817033456,1088108906.0274992,3329.711121740643,0.8722849453192008,57.32647175593042,0.8418474560287016
