,area,AIC,AICc,Chi2,BIC,R2,slope,intercept
0,input,-996.196090382462,-978.1676543635047,2.051483498291424,-989.4548143262067,0.9753601618047552,0.9514200095445238,1.4505919428361798
