,area,AIC,AICc,Chi2,BIC,R2,slope,intercept
0,inputs,-981.5417800174772,-963.5133439985199,2.196187213872704,-974.8005039612219,0.9740640802889056,0.9588535991104835,1.430015302140645
