,area,AIC,AICc,Chi2,BIC,R2,slope,intercept
0,input,-990.8992552712346,-972.8708192522772,2.1026524759950784,-984.1579792149793,0.975735007930375,0.9708101368956311,1.409984568609576
