,area,AIC,AICc,Chi2,BIC,R2,slope,intercept
0,input,-997.4463073654387,-979.4178713464813,2.0395888153315083,-990.7050313091834,0.9759771952431471,0.9610676884621985,1.4223348673224219
