,area,AIC,AICc,Chi2,BIC,R2,amplitude,exponent
0,input,3342.8816166563693,3360.910052675327,1193695705.0739307,3349.6228927126244,0.8633064610748564,56.034984029509246,0.8478025319360878
