,area,AIC,AICc,Chi2,BIC,R2,slope,intercept
0,input,3388.9819657005914,3407.010401719549,1479159997.2628148,3395.7232417568466,0.8347486920182587,19.244423099216583,721.9465190044658
