,area,AIC,AICc,Chi2,BIC,R2,slope,intercept
0,input,3382.333789552149,3400.3622255711066,1434121702.3275847,3389.075065608404,0.846376964737988,19.78967444726578,510.3714867495142
