,area,AIC,AICc,Chi2,BIC,R2,slope,intercept
0,input,3381.7897311773872,3399.818167196345,1430497239.3181736,3388.5310072336424,0.8413862688975584,19.393791875738394,683.7098663576309
