,area,AIC,AICc,Chi2,BIC,R2,slope,intercept
0,input,3324.1539173824026,3342.18235340136,1094117991.0893607,3330.8951934386578,0.8704416152404394,19.088026950936428,830.0242898989559
