,area,AIC,AICc,Chi2,BIC,R2,slope,intercept
0,input,-1055.9569382188959,-1037.9285021999385,1.5536480672433264,-1049.2156621626405,0.981777342325882,0.9659433457247404,1.4280916102143777
