,area,AIC,AICc,Chi2,BIC,R2,amplitude,exponent
0,input,3375.0508724388496,3393.079308457807,1386355795.6159306,3381.792148495105,0.8524934250420512,54.75157407833749,0.854334210593817
