,area,AIC,AICc,Chi2,BIC,R2,slope,intercept
0,input,-982.7084768799405,-964.6800408609831,2.1843018874786235,-975.9672008236852,0.974820950647086,0.9708983866231523,1.4038563363249499
