,area,AIC,AICc,Chi2,BIC,R2,slope,intercept
0,input,3388.835209273916,3406.8636452928736,1478150684.8641481,3395.576485330171,0.8358472549671706,19.314818840202438,861.5893126358098
