,area,AIC,AICc,Chi2,BIC,R2,slope,intercept
0,input,-982.8837831023679,-964.8553470834106,2.182521582166861,-976.1425070461127,0.9745722078659994,0.9656208719857484,1.414048110386445
