,area,AIC,AICc,Chi2,BIC,R2,slope,intercept
0,input,-1001.1983045584409,-983.1698685394836,2.0043044176336937,-994.4570285021856,0.9761830079555434,0.9569267482406314,1.447669839981903
