,area,AIC,AICc,Chi2,BIC,R2,slope,intercept
0,input,3372.251133437352,3390.2795694563097,1368419648.4890122,3378.9924094936073,0.8481228045732464,19.46187307396204,658.288061169006
