,area,AIC,AICc,Chi2,BIC,R2,slope,intercept
0,input,-997.3036446895871,-979.2752086706298,2.0409426281530534,-990.5623686333319,0.9765720259005509,0.9738114054952851,1.4070590220945165
