,area,AIC,AICc,Chi2,BIC,R2,slope,intercept
0,input,-1012.6608487959926,-994.6324127770353,1.900245175242139,-1005.9195727397373,0.9774329461538633,0.9578236579502342,1.4428840821511795
