,area,AIC,AICc,Chi2,BIC,R2,slope,intercept
0,input,-1022.542254517931,-1004.5138184989737,1.8148864265130098,-1015.8009784616758,0.9786148970009227,0.9621652124183699,1.4334200386717202
