,area,AIC,AICc,Chi2,BIC,R2,amplitude,exponent
0,input,3310.393943813745,3328.4223798327025,1026288271.8865952,3317.13521987,0.8824031174917905,53.91952184348897,0.8539966845393852
