,area,AIC,AICc,Chi2,BIC,R2,amplitude,exponent
0,input,3359.296502493941,3377.3249385128984,1288401670.8809295,3366.037778550196,0.8674433954221523,40.724179198773335,0.90071004023848
