,area,AIC,AICc,Chi2,BIC,R2,slope,intercept
0,input,3333.1500075659833,3351.178443584941,1140869659.7684388,3339.8912836222385,0.8580216081743817,18.48621078845429,696.9753865721641
