,area,AIC,AICc,Chi2,BIC,R2,slope,intercept
0,input,3368.735350858514,3386.7637868774714,1346224564.3960652,3375.476626914769,0.8411695032707368,18.798598268034798,867.7134322668709
