,area,AIC,AICc,Chi2,BIC,R2,amplitude,exponent
0,input,3378.5556462616364,3396.584082280594,1409140364.9425976,3385.2969223178916,0.8522947428117202,46.37625751761112,0.8798801804286184
