,area,AIC,AICc,Chi2,BIC,R2,amplitude,exponent
0,input,3330.6571756691687,3348.6856116881263,1127718160.4071255,3337.398451725424,0.8790522687160041,56.842722846336535,0.8501419887702627
