,area,AIC,AICc,Chi2,BIC,R2,slope,intercept
0,input,3344.3752900972863,3362.403726116244,1202017562.9525974,3351.1165661535415,0.872972890320028,20.23482609044104,478.76914296505214
