,area,AIC,AICc,Chi2,BIC,R2,slope,intercept
0,input,-1010.1022532736972,-992.0738172547399,1.922994029347587,-1003.3609772174419,0.976227515918356,0.9382139666579457,1.4741965651274604
