,area,AIC,AICc,Chi2,BIC,R2,slope,intercept
0,input,3333.59526328898,3351.6236993079374,1143234799.8127778,3340.336539345235,0.8751122614993582,19.926526489934197,644.2950658464256
