,area,AIC,AICc,Chi2,BIC,R2,slope,intercept
0,input,3336.7121969237355,3354.740632942693,1159929414.4064314,3343.4534729799907,0.8710239213059627,19.704623305940064,672.7179748235828
