,area,AIC,AICc,Chi2,BIC,R2,slope,intercept
0,input,-986.0454278196996,-968.0169918007423,2.1506617234885987,-979.3041517634443,0.975323446339716,0.9734033094692499,1.400114461062337
