,area,AIC,AICc,Chi2,BIC,R2,amplitude,exponent
0,input,3296.3754145803846,3314.403850599342,961506659.7938443,3303.1166906366398,0.88612804920464,46.68003366057055,0.8730908778144427
