,area,AIC,AICc,Chi2,BIC,R2,slope,intercept
0,input,-975.7948205717978,-957.7663845528405,2.255683014859177,-969.0535445155425,0.9728555587949327,0.9492868184489909,1.4498308320160538
