,area,AIC,AICc,Chi2,BIC,R2,slope,intercept
0,input,3382.1695158537073,3400.197951872665,1433026360.4825952,3388.9107919099624,0.8497842143879594,20.045437151395944,675.7511356545899
