,area,AIC,AICc,Chi2,BIC,R2,slope,intercept
0,input,-989.6186350138432,-971.5901989948859,2.115214032563043,-982.877358957588,0.974090410879878,0.9415019344748374,1.469904940936273
