,area,AIC,AICc,Chi2,BIC,R2,slope,intercept
0,input,3365.223035681749,3383.2514717007066,1324410832.6948256,3371.964311738004,0.8614984494094831,20.20706291292158,549.4816246974027
