,area,AIC,AICc,Chi2,BIC,R2,amplitude,exponent
0,input,3365.2887818599434,3383.317217878901,1324815894.395105,3372.0300579161985,0.8561722620357538,66.68734226869988,0.8242107617017412
