,area,AIC,AICc,Chi2,BIC,R2,amplitude,exponent
0,input,3313.8716225446756,3331.900058563633,1043023726.3593388,3320.6128986009307,0.8817587805186003,44.61376775660035,0.8818851528369821
