,area,AIC,AICc,Chi2,BIC,R2,slope,intercept
0,input,3397.6549862654883,3415.683422284446,1540048620.6301503,3404.3962623217435,0.8341682879253953,19.595311005370174,776.2758515301558
