,area,AIC,AICc,Chi2,BIC,R2,amplitude,exponent
0,input,3322.3161344989194,3340.344570517877,1084805516.797376,3329.0574105551746,0.8684220614810793,77.07238626115394,0.7974757375621819
