,area,AIC,AICc,Chi2,BIC,R2,slope,intercept
0,input,-994.946315207039,-976.9178791880817,2.063443309668828,-988.2050391507837,0.9764175027720257,0.9758742056519708,1.3968536224233743
