,area,AIC,AICc,Chi2,BIC,R2,slope,intercept
0,input,3335.1105168896884,3353.138952908646,1151320424.6378179,3341.8517929459435,0.866253944177524,19.2252556916824,460.5605899681739
