,area,AIC,AICc,Chi2,BIC,R2,slope,intercept
0,input,3365.860407336073,3383.8888433550305,1328342899.6637428,3372.601683392328,0.8549922988254106,19.70300947298936,869.8432452943886
