,area,AIC,AICc,Chi2,BIC,R2,amplitude,exponent
0,input,3336.8310032177624,3354.85943923672,1160570553.9285529,3343.5722792740175,0.8662012859597933,53.92589678982247,0.8519770264249791
