,area,AIC,AICc,Chi2,BIC,R2,slope,intercept
0,input,3332.071782149689,3350.1002181686467,1135162518.8384242,3338.8130582059443,0.8764011794863065,19.97400867646447,510.59162162411025
