,area,AIC,AICc,Chi2,BIC,R2,amplitude,exponent
0,input,3326.6601934749006,3344.688629493858,1106946860.2691274,3333.4014695311557,0.879116430619316,48.58540846029738,0.8715975570218545
