,area,AIC,AICc,Chi2,BIC,R2,slope,intercept
0,inputs,3380.9585144958814,3398.986950514839,1424977436.462981,3387.6997905521366,0.8494528165825983,19.96315625103161,472.6492466262008
