,area,AIC,AICc,Chi2,BIC,R2,slope,intercept
0,input,3340.574535467071,3358.6029714860288,1180955101.2646298,3347.3158115233264,0.873276385680611,20.084252613647728,765.4447419081532
