,area,AIC,AICc,Chi2,BIC,R2,slope,intercept
0,input,3381.602796215856,3399.6312322348135,1429254012.6749132,3388.344072272111,0.8549883585708371,20.43738262359593,661.8775493011344
