,area,AIC,AICc,Chi2,BIC,R2,slope,intercept
0,input,-1009.1172509466959,-991.0888149277386,1.9318242580496805,-1002.3759748904406,0.9779224034107464,0.9766406459465314,1.3953521867795518
