,area,AIC,AICc,Chi2,BIC,R2,amplitude,exponent
0,input,3334.590272430577,3352.6187084495346,1148537894.490223,3341.331548486832,0.8746453757998576,50.06842748596383,0.8673780464777403
