,area,AIC,AICc,Chi2,BIC,R2,slope,intercept
0,input,-1011.2479967290171,-993.2195607100598,1.912773575327436,-1004.5067206727618,0.9774168015640455,0.9606244643417978,1.435042092853441
