,area,AIC,AICc,Chi2,BIC,R2,slope,intercept
0,input,3379.117075291688,3397.1455113106454,1412824858.6589806,3385.858351347943,0.8376959059759587,19.011418500218266,982.9586453594457
