,area,AIC,AICc,Chi2,BIC,R2,slope,intercept
0,input,3385.963250747083,3403.9916867660404,1458536918.3654802,3392.704526803338,0.8363064823999742,19.21841659461384,767.5081038303477
