,area,AIC,AICc,Chi2,BIC,R2,slope,intercept
0,input,3385.107268695866,3403.1357047148235,1452741572.2204888,3391.848544752121,0.8411195058698202,19.524487499503106,751.8072549066582
