,area,AIC,AICc,Chi2,BIC,R2,slope,intercept
0,input,3301.800311843473,3319.8287478624306,986076139.0576677,3308.5415878997283,0.8832121661912001,19.22564168511242,698.1735703751064
