,area,AIC,AICc,Chi2,BIC,R2,slope,intercept
0,input,-1012.1671384424197,-994.1387024234624,1.9046137739203353,-1005.4258623861645,0.9768710382652467,0.9469317858629801,1.4637336078811607
