,area,AIC,AICc,Chi2,BIC,R2,amplitude,exponent
0,input,3378.7404869156708,3396.7689229346283,1410352357.6095319,3385.481762971926,0.855405702042082,45.70863012729529,0.8831576607238487
