,area,AIC,AICc,Chi2,BIC,R2,slope,intercept
0,input,3321.904812319394,3339.9332483383514,1082732130.6638176,3328.646088375649,0.8814745035383164,19.977971882084354,647.6075173134029
