,area,AIC,AICc,Chi2,BIC,R2,slope,intercept
0,input,-966.7476565956886,-948.7192205767312,2.3526271704957518,-960.0063805394333,0.9723977083337871,0.9611709434033365,1.419806837264477
