,area,AIC,AICc,Chi2,BIC,R2,slope,intercept
0,input,-984.9814546869845,-966.9530186680272,2.1613311075765154,-978.2401786307292,0.9753727571475798,0.9768159726570947,1.3930344966475898
