,area,AIC,AICc,Chi2,BIC,R2,slope,intercept
0,input,3348.3638056989494,3366.392241717907,1224524594.812179,3355.1050817552045,0.8512985447700663,18.640561556902128,942.8918932755028
