,area,AIC,AICc,Chi2,BIC,R2,slope,intercept
0,input,3357.7883991557546,3375.816835174712,1279395884.3995843,3364.52967521201,0.8555446616091607,19.379783396887643,606.1562909233082
