,area,AIC,AICc,Chi2,BIC,R2,amplitude,exponent
0,input,3349.5634607871175,3367.591896806075,1231376283.9779458,3356.3047368433727,0.8643536180438398,58.76119426753924,0.8425512811438499
