,area,AIC,AICc,Chi2,BIC,R2,amplitude,exponent
0,input,3338.088525572029,3356.1169615909866,1167378553.2219763,3344.8298016282843,0.8679509740868419,66.39959408720281,0.8234366648479098
