,area,AIC,AICc,Chi2,BIC,R2,slope,intercept
0,input,-990.7811518188325,-972.7527157998752,2.103807818950271,-984.0398757625773,0.9752159081662906,0.9605978324941625,1.4316117178530527
