,area,AIC,AICc,Chi2,BIC,R2,amplitude,exponent
0,input,3380.1596512237884,3398.188087242746,1419692553.2966254,3386.9009272800436,0.8500124950905683,34.163462454283895,0.9235862771334409
