,area,AIC,AICc,Chi2,BIC,R2,slope,intercept
0,input,3304.076693247269,3322.1051292662264,996572002.3079368,3310.817969303524,0.8833396279828457,19.33964147147172,766.6149736387332
