,area,AIC,AICc,Chi2,BIC,R2,slope,intercept
0,input,-961.50187393379,-943.4734379148326,2.410734897493103,-954.7605978775347,0.9718453834769869,0.9631040150189906,1.421165747105585
