,area,AIC,AICc,Chi2,BIC,R2,slope,intercept
0,input,3381.2110363583442,3399.239472377302,1426652084.6372623,3387.9523124145994,0.8352653306524237,18.935233296959897,641.7023334841344
