,area,AIC,AICc,Chi2,BIC,R2,slope,intercept
0,input,-987.3112968641736,-969.2828608452163,2.138036341074835,-980.5700208079184,0.9741563274935613,0.9478059723374849,1.4589457899230334
