,area,AIC,AICc,Chi2,BIC,R2,slope,intercept
0,input,-954.0199263744516,-935.9914903554943,2.496104692724048,-947.2786503181964,0.9707874203522724,0.9615750802684009,1.4272287688649956
