,area,AIC,AICc,Chi2,BIC,R2,amplitude,exponent
0,input,3392.144593937612,3410.1730299565697,1501079109.8220575,3398.8858699938673,0.8195122021288129,70.1396249170609,0.8075588715726996
