,area,AIC,AICc,Chi2,BIC,R2,amplitude,exponent
0,input,3345.551258895098,3363.5796949140554,1208610158.1054587,3352.292534951353,0.8716073045233717,39.85943655873682,0.902032750968666
