,area,AIC,AICc,Chi2,BIC,R2,slope,intercept
0,input,3366.589988423426,3384.6184244423835,1332858155.702169,3373.331264479681,0.8498051333280701,19.333745448080883,815.0006390157636
