,area,AIC,AICc,Chi2,BIC,R2,slope,intercept
0,input,3387.915433053429,3405.9438690723864,1471840620.4105053,3394.656709109684,0.840161194606168,19.582245374268442,594.286115749806
