,area,AIC,AICc,Chi2,BIC,R2,slope,intercept
0,input,3374.039316585888,3392.0677526048457,1379848435.3401475,3380.7805926421433,0.8478413881260867,19.52165483651523,713.168845168476
