,area,AIC,AICc,Chi2,BIC,R2,amplitude,exponent
0,input,3328.566630855389,3346.5950668743467,1116805971.3054485,3335.3079069116443,0.8755021944805961,52.377556775495165,0.8594844377276571
