,area,AIC,AICc,Chi2,BIC,R2,amplitude,exponent
0,input,3388.1288362991313,3406.157272318089,1473302255.2875538,3394.8701123553865,0.8378001599662084,56.58300152677283,0.8455104374728245
