,area,AIC,AICc,Chi2,BIC,R2,amplitude,exponent
0,input,3367.7895237389416,3385.817959757899,1340315266.415101,3374.530799795197,0.8512576292645392,46.501560905963885,0.8749991386674975
