,area,AIC,AICc,Chi2,BIC,R2,slope,intercept
0,input,3372.172157506882,3390.2005935258394,1367917079.3338258,3378.913433563137,0.865311137519665,20.87094383945802,439.0443013602966
