,area,AIC,AICc,Chi2,BIC,R2,amplitude,exponent
0,input,3377.3125267548353,3395.340962773793,1401016293.2523587,3384.0538028110905,0.8382385350474577,44.993865774880106,0.8758542921344268
