,area,AIC,AICc,Chi2,BIC,R2,amplitude,exponent
0,input,3370.9160530911204,3388.944489110078,1359948534.4576154,3377.6573291473755,0.8395005778602808,63.86684956468857,0.8237209776217121
