,area,AIC,AICc,Chi2,BIC,R2,amplitude,exponent
0,input,3323.162162412093,3341.1905984310506,1089082650.9761279,3329.903438468348,0.8764565209136604,58.231232948013115,0.842707894504164
