,area,AIC,AICc,Chi2,BIC,R2,slope,intercept
0,input,3355.7055332844234,3373.733969303381,1267061262.9966192,3362.4468093406786,0.8401020893960459,18.164997567672867,1064.751381767877
