,area,AIC,AICc,Chi2,BIC,R2,slope,intercept
0,input,3319.105580316911,3337.1340163358686,1068726671.9180263,3325.8468563731662,0.878828613373467,19.60095711933708,616.9477945216322
