,area,AIC,AICc,Chi2,BIC,R2,slope,intercept
0,input,3348.8771288383946,3366.905564857352,1227451700.7935827,3355.6184048946498,0.8594369158287423,19.287034993664488,885.1115597582672
