,area,AIC,AICc,Chi2,BIC,R2,slope,intercept
0,input,3316.4443781928403,3334.472814211798,1055579842.0753348,3323.1856542490955,0.8873569141048377,20.30179051730946,526.474973284792
