,area,AIC,AICc,Chi2,BIC,R2,slope,intercept
0,input,3317.4557755040846,3335.484211523042,1060557170.7687554,3324.19705156034,0.8861518608413927,20.227865171692265,599.0718877397316
