,area,AIC,AICc,Chi2,BIC,R2,amplitude,exponent
0,input,3328.301236904696,3346.3296729236536,1115428247.1591995,3335.042512960951,0.8696455014513952,47.481802107203094,0.870497903789718
