,area,AIC,AICc,Chi2,BIC,R2,slope,intercept
0,input,-1007.715875302234,-989.6874392832767,1.9444570650392181,-1000.9745992459788,0.9771629458627825,0.9630244636865781,1.4390646472608866
