,area,AIC,AICc,Chi2,BIC,R2,amplitude,exponent
0,input,3356.654390467702,3374.6828264866595,1272665528.3411334,3363.395666523957,0.8649603573855082,46.58585877364605,0.8784774039668266
