,area,AIC,AICc,Chi2,BIC,R2,amplitude,exponent
0,input,3380.8624878962473,3398.890923915205,1424341133.279311,3387.6037639525025,0.84742470491805,36.655632540351064,0.9120084391056034
