,area,AIC,AICc,Chi2,BIC,R2,slope,intercept
0,input,-1013.1096702447718,-995.0812342258145,1.8962824719394875,-1006.3683941885165,0.977833639163696,0.9656316435013399,1.4207682150432654
