,area,AIC,AICc,Chi2,BIC,R2,slope,intercept
0,input,-968.3621611851695,-950.3337251662122,2.335026698122254,-961.6208851289142,0.9729291375135993,0.9671863755370627,1.4122616516638236
