,area,AIC,AICc,Chi2,BIC,R2,slope,intercept
0,input,3350.136404223809,3368.164840242767,1234662097.1615932,3356.8776802800644,0.8602751515459346,19.410996126504045,936.8326208104174
