,area,AIC,AICc,Chi2,BIC,R2,slope,intercept
0,input,-1010.4633703132046,-992.4349342942472,1.9197668523547944,-1003.7220942569493,0.977651960664263,0.9675454048860407,1.4182265211045442
