,area,AIC,AICc,Chi2,BIC,R2,slope,intercept
0,input,3322.8267252595324,3340.85516127849,1087384818.6445951,3329.5680013157876,0.8755527453455495,19.472962555089243,796.2021565511726
