,area,AIC,AICc,Chi2,BIC,R2,slope,intercept
0,input,3329.669646990569,3347.6980830095267,1122550251.8378007,3336.4109230468243,0.887509418443043,20.95188970865786,362.92113208896126
