,area,AIC,AICc,Chi2,BIC,R2,slope,intercept
0,input,3343.731564151827,3361.7600001707847,1198424015.5797732,3350.4728402080823,0.869559888563487,19.899461284569732,556.3010358970099
