,area,AIC,AICc,Chi2,BIC,R2,amplitude,exponent
0,input,3387.30402663974,3405.3324626586978,1467661018.215773,3394.0453026959954,0.8369380175742621,67.63906850418631,0.8202011048173523
