,area,AIC,AICc,Chi2,BIC,R2,amplitude,exponent
0,input,3315.5802045500254,3333.608640568983,1051345546.8724879,3322.3214806062806,0.8755304200222338,56.228417298393154,0.8451911089779072
