,area,AIC,AICc,Chi2,BIC,R2,amplitude,exponent
0,input,3334.8948948115317,3352.9233308304892,1150166351.800629,3341.636170867787,0.8663990340076375,31.443168982342442,0.9305402611957974
