,area,AIC,AICc,Chi2,BIC,R2,amplitude,exponent
0,input,3363.896902494931,3381.9253385138886,1316266927.3207679,3370.6381785511862,0.8561137354274819,36.73683720742521,0.9105590233566704
