,area,AIC,AICc,Chi2,BIC,R2,slope,intercept
0,input,-973.2003264583093,-955.171890439352,2.2830681784741547,-966.459050402054,0.9731732748608386,0.9608274096921121,1.430528641440812
