,area,AIC,AICc,Chi2,BIC,R2,amplitude,exponent
0,input,3296.0908038139896,3314.119239832947,960234687.2410032,3302.832079870245,0.8935041832857609,43.84561820575272,0.8872026910030919
