,area,AIC,AICc,Chi2,BIC,R2,slope,intercept
0,input,3349.532455778584,3367.5608917975414,1231198720.8177016,3356.273731834839,0.8622912927472498,19.547997582972187,854.6111884939422
