,area,AIC,AICc,Chi2,BIC,R2,slope,intercept
0,input,3380.9585144958814,3398.986950514839,1424977436.4629807,3387.6997905521366,0.8494528165825983,19.963156251031613,472.6492466262021
