,area,AIC,AICc,Chi2,BIC,R2,amplitude,exponent
0,input,3370.7529822909305,3388.781418309888,1358917446.9461255,3377.4942583471857,0.8351545800716702,62.881897148608445,0.8238419254095006
