,area,AIC,AICc,Chi2,BIC,R2,slope,intercept
0,input,3381.8224098766445,3399.850845895602,1430714682.7687201,3388.5636859328997,0.8477358690083552,19.87009263230897,768.4185600678954
