,area,AIC,AICc,Chi2,BIC,R2,amplitude,exponent
0,input,3402.665437933381,3420.6938739523384,1576360035.2803867,3409.406713989636,0.8305086290855014,69.18237763388203,0.8171277297429336
