,area,AIC,AICc,Chi2,BIC,R2,slope,intercept
0,input,3327.3415431777635,3345.369979196721,1110460414.975352,3334.0828192340186,0.8726162235965366,19.41771049133125,587.4789223019897
