,area,AIC,AICc,Chi2,BIC,R2,amplitude,exponent
0,input,3361.3599226694573,3379.388358688415,1300826378.7609353,3368.1011987257125,0.8465494950178607,58.338681497626766,0.8378191110340764
