,area,AIC,AICc,Chi2,BIC,R2,slope,intercept
0,input,3337.636721303676,3355.6651573226336,1164927981.9198565,3344.377997359931,0.8586403248664342,18.727694186308664,1101.7991839963317
