,area,AIC,AICc,Chi2,BIC,R2,amplitude,exponent
0,input,3351.9763183287287,3370.0047543476862,1245273353.8337054,3358.717594384984,0.8730804270098307,30.214619423737986,0.9455605355751912
