,area,AIC,AICc,Chi2,BIC,R2,slope,intercept
0,input,3359.9223361308395,3377.950772149797,1292157483.8593237,3366.6636121870947,0.8563315707051966,19.538441943354226,667.6979879000017
