,area,AIC,AICc,Chi2,BIC,R2,slope,intercept
0,input,3318.600066934085,3336.6285029530427,1066216806.7950671,3325.3413429903403,0.8778020881034303,19.484132469141038,782.5108083214778
