,area,AIC,AICc,Chi2,BIC,R2,amplitude,exponent
0,input,3311.0760832829233,3329.104519301881,1029549590.4254986,3317.8173593391784,0.8895130307265986,45.99094332048482,0.881648101715476
