,area,AIC,AICc,Chi2,BIC,R2,slope,intercept
0,input,3358.539843707256,3376.5682797262134,1283875312.8051422,3365.281119763511,0.8580647253331121,19.614090565936806,805.2636293797333
