,area,AIC,AICc,Chi2,BIC,R2,slope,intercept
0,input,3339.959034986503,3357.9874710054605,1177579106.040009,3346.700311042758,0.8726950000956444,20.003014891820857,712.8174292715487
