,area,AIC,AICc,Chi2,BIC,R2,slope,intercept
0,input,-969.3301052284636,-951.3016692095063,2.3245378837885946,-962.5888291722083,0.972622101881737,0.9594338042767906,1.434504605484624
