,area,AIC,AICc,Chi2,BIC,R2,slope,intercept
0,input,3413.90939559638,3431.9378316153375,1660993457.3311806,3420.650671652635,0.8212773858541429,19.450512018461833,904.5627403216754
