,area,AIC,AICc,Chi2,BIC,R2,slope,intercept
0,input,-1003.5552936656503,-985.526857646693,1.9824517507651334,-996.814017609395,0.9763554462880047,0.955244212861024,1.439687105198229
