,area,AIC,AICc,Chi2,BIC,R2,slope,intercept
0,input,-1016.3358932901164,-998.307457271159,1.868039877437488,-1009.5946172338611,0.9786685532196637,0.9774069406324172,1.3924210496409595
