,area,AIC,AICc,Chi2,BIC,R2,slope,intercept
0,input,-1022.6872690332843,-1004.658833014327,1.8136627235444456,-1015.945992977029,0.9779336756658675,0.94654802114385,1.4660515863237191
