,area,AIC,AICc,Chi2,BIC,R2,slope,intercept
0,input,3395.994407240006,3414.0228432589633,1528199682.3778038,3402.735683296261,0.8371124844793171,19.730130672939197,743.9038430108659
