,area,AIC,AICc,Chi2,BIC,R2,slope,intercept
0,input,-1006.0795632636365,-988.0511272446792,1.9593123068664906,-999.3382872073812,0.9757011288682843,0.9364656981374039,1.491592372932178
