,area,AIC,AICc,Chi2,BIC,R2,slope,intercept
0,input,-1004.1037150392821,-986.0752790203247,1.9774013626109248,-997.3624389830268,0.9778076604367387,0.9854787729220416,1.3686559908336182
