,area,AIC,AICc,Chi2,BIC,R2,slope,intercept
0,input,-974.7751852313904,-956.7467492124331,2.2664059755687127,-968.0339091751351,0.9731624732062073,0.9571168689644929,1.4423350325580675
