,area,AIC,AICc,Chi2,BIC,R2,amplitude,exponent
0,input,3356.6655678610546,3374.694003880012,1272731693.2387533,3363.4068439173097,0.8611073335447388,61.00398837824654,0.8377484996906333
