,area,AIC,AICc,Chi2,BIC,R2,slope,intercept
0,input,3373.501151687695,3391.5295877066524,1376398866.0985138,3380.24242774395,0.8398182288319638,18.912552868652977,891.4924632865992
