,area,AIC,AICc,Chi2,BIC,R2,amplitude,exponent
0,input,3354.122540516306,3372.1509765352635,1257766458.4191625,3360.863816572561,0.8579956652364866,42.98699522644774,0.8857682492033001
