,area,AIC,AICc,Chi2,BIC,R2,slope,intercept
0,input,-1012.5797697397195,-994.5513337207622,1.9009619154280875,-1005.8384936834642,0.976476297218036,0.9378630056181567,1.4856062899671905
