,area,AIC,AICc,Chi2,BIC,R2,amplitude,exponent
0,input,3384.7018563391157,3402.7302923580733,1450004807.3319068,3391.443132395371,0.8408226445760951,69.13152913380578,0.8168872906869317
