,area,AIC,AICc,Chi2,BIC,R2,amplitude,exponent
0,input,3339.273551941286,3357.3019879602434,1173830617.3601253,3346.014827997541,0.8687631383330064,60.98322382636907,0.8365059729160387
