,area,AIC,AICc,Chi2,BIC,R2,amplitude,exponent
0,input,3356.818594187806,3374.8470302067635,1273637882.9279237,3363.559870244061,0.8565477221726403,59.674565881853304,0.8378035091040885
