,area,AIC,AICc,Chi2,BIC,R2,slope,intercept
0,input,-995.4513831904333,-977.4229471714759,2.058601653901878,-988.710107134178,0.9761226219380464,0.9685448046358999,1.4213940453991913
