,area,AIC,AICc,Chi2,BIC,R2,slope,intercept
0,input,3376.6862647400853,3394.714700759043,1396941285.551093,3383.4275407963405,0.8427853441263002,19.266061763345842,680.085795738118
