,area,AIC,AICc,Chi2,BIC,R2,slope,intercept
0,input,-993.2882387639369,-975.2598027449795,2.0794180697041273,-986.5469627076816,0.9747236719875357,0.9454299549134517,1.4701744739027753
