,area,AIC,AICc,Chi2,BIC,R2,slope,intercept
0,input,3369.1875523954604,3387.215988414418,1349059008.4072793,3375.9288284517156,0.8444635064716346,19.053802687348384,1006.5615024354667
