,area,AIC,AICc,Chi2,BIC,R2,amplitude,exponent
0,input,3379.4494905491247,3397.4779265680822,1415010941.3989992,3386.19076660538,0.8452695373521661,52.28052964364895,0.8586586493585147
