,area,AIC,AICc,Chi2,BIC,R2,amplitude,exponent
0,input,3372.5204070238838,3390.5488430428413,1370134579.238823,3379.261683080139,0.8458132460650568,46.79234164469811,0.8728270260636773
