,area,AIC,AICc,Chi2,BIC,R2,amplitude,exponent
0,input,3349.5999241393793,3367.628360158337,1231585139.396022,3356.3412001956344,0.8570829620576579,58.17868133362082,0.839713710529805
