,area,AIC,AICc,Chi2,BIC,R2,slope,intercept
0,input,3396.3495682718417,3414.3780042907993,1530726219.6629815,3403.090844328097,0.8318490304221151,19.373729389391332,924.1700866517828
