,area,AIC,AICc,Chi2,BIC,R2,amplitude,exponent
0,input,3355.9604808566733,3373.988916875631,1268564638.7920706,3362.7017569129284,0.8538254591512654,72.52711277887546,0.8081206044705163
