,area,AIC,AICc,Chi2,BIC,R2,slope,intercept
0,input,-975.211026062752,-957.1825900437947,2.261816246587224,-968.4697500064967,0.9725942235827514,0.9459063341342953,1.46300780548543
