,area,AIC,AICc,Chi2,BIC,R2,amplitude,exponent
0,input,3343.10146217185,3361.1298981908076,1194916927.701328,3349.842738228105,0.8699506977637419,35.83199558531846,0.9167786310423076
