,area,AIC,AICc,Chi2,BIC,R2,slope,intercept
0,input,3365.9498570338137,3383.9782930527713,1328895665.2056587,3372.691133090069,0.8547296992803133,19.68626473700425,479.20571171848434
