,area,AIC,AICc,Chi2,BIC,R2,slope,intercept
0,input,3286.59589950061,3304.6243355195675,918751216.692558,3293.337175556865,0.8981624984443746,20.040772299974204,568.0946501074704
