,area,AIC,AICc,Chi2,BIC,R2,slope,intercept
0,input,-958.9995080614002,-940.9710720424429,2.4389571460209574,-952.2582320051449,0.9698631403652668,0.9353690602312343,1.4875984720910729
