,area,AIC,AICc,Chi2,BIC,R2,amplitude,exponent
0,input,3297.9682440227652,3315.996680041723,968656442.4824265,3304.7095200790204,0.8866128157054317,50.05552312983118,0.8640726307827024
