,area,AIC,AICc,Chi2,BIC,R2,slope,intercept
0,input,3348.609065861627,3366.6375018805848,1225922262.090281,3355.3503419178824,0.8706326312045498,20.222202857714997,697.8959707809184
