,area,AIC,AICc,Chi2,BIC,R2,slope,intercept
0,input,3300.8937483785858,3318.9221843975433,981927029.4577447,3307.635024434841,0.891091172026507,19.955427457094704,623.1845530828546
