,area,AIC,AICc,Chi2,BIC,R2,slope,intercept
0,input,-1004.959965716711,-986.9315296977537,1.9695419012700257,-998.2186896604558,0.9765462439525834,0.9560871996119483,1.4434165034173472
