,area,AIC,AICc,Chi2,BIC,R2,amplitude,exponent
0,input,3356.720837819311,3374.7492738382684,1273058915.8897316,3363.462113875566,0.8679342631870859,50.035128536968486,0.8703873494146751
