,area,AIC,AICc,Chi2,BIC,R2,amplitude,exponent
0,input,3365.9712154510457,3383.9996514700033,1329027686.2192948,3372.712491507301,0.8474216058141619,72.28506979485483,0.80805734448752
