,area,AIC,AICc,Chi2,BIC,R2,slope,intercept
0,input,-1007.8859716765269,-989.8575356575695,1.9429193241210365,-1001.1446956202716,0.9771167071961148,0.9616477744164904,1.438367989237366
