,area,AIC,AICc,Chi2,BIC,R2,slope,intercept
0,input,-1041.888581728998,-1023.8601457100406,1.6587096379778705,-1035.1473056727425,0.9795699390359238,0.9415486466462667,1.4782204803912196
