,area,AIC,AICc,Chi2,BIC,R2,slope,intercept
0,input,3319.6803941314042,3337.708830150362,1071587791.8908887,3326.4216701876594,0.8852320647405278,20.240631667424296,528.723884779312
