,area,AIC,AICc,Chi2,BIC,R2,amplitude,exponent
0,input,3346.0061145889345,3364.034550607892,1211169809.9328308,3352.7473906451896,0.8721895841770781,44.454281825931496,0.8878310109860814
