,area,AIC,AICc,Chi2,BIC,R2,slope,intercept
0,input,3322.2162650308032,3340.244701049761,1084301731.7199311,3328.9575410870584,0.8756864425320967,19.45727604841257,688.5855767751835
