,area,AIC,AICc,Chi2,BIC,R2,slope,intercept
0,input,-991.119879503723,-973.0914434847657,2.1004959264393808,-984.3786034474678,0.9752976253659401,0.9614680111291807,1.4314126875099844
