,area,AIC,AICc,Chi2,BIC,R2,slope,intercept
0,input,3362.503348471721,3380.5317844906785,1307762939.9336383,3369.244624527976,0.8654385120572536,20.41804376960241,522.9121576201637
