,area,AIC,AICc,Chi2,BIC,R2,amplitude,exponent
0,input,3350.238450184735,3368.2668862036926,1235248246.8586273,3356.97972624099,0.8741379416851596,32.07065430437289,0.9370095177069602
