,area,AIC,AICc,Chi2,BIC,R2,amplitude,exponent
0,input,3296.4446954696596,3314.473131488617,961816542.4465466,3303.1859715259147,0.8984472815676754,42.816868722387795,0.893968072285597
