,area,AIC,AICc,Chi2,BIC,R2,slope,intercept
0,input,3340.9596753935125,3358.98811141247,1183072499.340746,3347.7009514497677,0.8708517608847676,19.88499341081898,705.5179969001147
