,area,AIC,AICc,Chi2,BIC,R2,slope,intercept
0,input,-979.9906833191968,-961.9622473002395,2.2120886848839225,-973.2494072629415,0.9751544178404459,0.9837575106371741,1.3648411935164857
