,area,AIC,AICc,Chi2,BIC,R2,amplitude,exponent
0,input,3340.279755014154,3358.3081910331116,1179337036.4358525,3347.021031070409,0.8512664874791736,77.44966811193515,0.7920435379392962
