,area,AIC,AICc,Chi2,BIC,R2,slope,intercept
0,input,3332.745110020601,3350.7735460395584,1138723145.2139843,3339.486386076856,0.866920598235416,19.17499300748858,732.3265595520069
