,area,AIC,AICc,Chi2,BIC,R2,slope,intercept
0,input,3385.271970029268,3403.3004060482253,1453854875.2138445,3392.013246085523,0.8421552663900369,19.60800747934124,761.0679081534809
