,area,AIC,AICc,Chi2,BIC,R2,amplitude,exponent
0,input,3378.5446163328243,3396.573052351782,1409068075.0857017,3385.2858923890794,0.8437652051035173,45.38641906600715,0.8784666357199382
