,area,AIC,AICc,Chi2,BIC,R2,slope,intercept
0,input,3323.034122194414,3341.0625582133716,1088434256.2538931,3329.7753982506692,0.8870968474720974,20.588536835141902,493.91361995748036
