,area,AIC,AICc,Chi2,BIC,R2,slope,intercept
0,input,3380.2055234228224,3398.23395944178,1419995489.8887603,3386.9467994790775,0.8323595099915863,18.69396364725688,910.7635940278835
