,area,AIC,AICc,Chi2,BIC,R2,slope,intercept
0,input,3362.66460616864,3380.6930421875977,1308744176.8914337,3369.4058822248953,0.8642021610365276,20.317979834083914,685.821434690044
