,area,AIC,AICc,Chi2,BIC,R2,slope,intercept
0,input,-1027.0054079792044,-1008.976971960247,1.7775998180155135,-1020.2641319229491,0.9790997500858614,0.9634505191235786,1.4329441452394054
