,area,AIC,AICc,Chi2,BIC,R2,amplitude,exponent
0,input,3318.62965835195,3336.6580943709077,1066363565.113245,3325.3709344082054,0.8894109363302586,40.90624255860913,0.9009436841228953
