,area,AIC,AICc,Chi2,BIC,R2,slope,intercept
0,input,-1013.3344838112323,-995.306047792275,1.8943006709216592,-1006.593207754977,0.9778551448599514,0.9656060615117475,1.4244976805831069
