,area,AIC,AICc,Chi2,BIC,R2,amplitude,exponent
0,input,3380.0858222683405,3398.114258287298,1419205128.0678372,3386.8270983245957,0.840746924384704,53.24527830036859,0.8537731903700624
