,area,AIC,AICc,Chi2,BIC,R2,amplitude,exponent
0,input,3317.3071513041496,3335.335587323107,1059824287.0822861,3324.0484273604047,0.8839892994464138,45.019394316838856,0.8836092807342356
