,area,AIC,AICc,Chi2,BIC,R2,slope,intercept
0,input,3352.425735148041,3370.4541711669985,1247879084.6033885,3359.167011204296,0.8728135923471881,20.602434969721234,346.8914222336013
