,area,AIC,AICc,Chi2,BIC,R2,slope,intercept
0,input,-998.4545984790162,-980.4261624600589,2.030046096270474,-991.7133224227609,0.9747338588859327,0.9343319571913992,1.4825307631163362
