,area,AIC,AICc,Chi2,BIC,R2,slope,intercept
0,input,3450.746942614038,3468.7753786329954,1971418470.861435,3457.488218670293,0.8032773017810912,19.975001528230077,619.2434640320199
