,area,AIC,AICc,Chi2,BIC,R2,amplitude,exponent
0,input,3386.7965277304256,3404.824963749383,1464200748.5459347,3393.537803786681,0.8409935802614511,38.31555434376662,0.9046553042999097
