,area,AIC,AICc,Chi2,BIC,R2,slope,intercept
0,input,-979.1250091454193,-961.096573126462,2.2210133750663767,-972.383733089164,0.972992582460098,0.9444163748270888,1.4642266485150441
