,area,AIC,AICc,Chi2,BIC,R2,slope,intercept
0,input,-942.2013886657875,-924.1729526468301,2.637156719688579,-935.4601126095322,0.9690233545668647,0.9589425419042239,1.4273468822389943
