,area,AIC,AICc,Chi2,BIC,R2,slope,intercept
0,input,3333.4443508706554,3351.472786889613,1142432624.0354373,3340.1856269269106,0.8658337795189159,19.11625729599498,774.9794598939914
