,area,AIC,AICc,Chi2,BIC,R2,slope,intercept
0,input,-959.290505898589,-941.2620698796317,2.43565830337827,-952.5492298423337,0.9707001768831385,0.9484030064817683,1.4561156816069494
