,area,AIC,AICc,Chi2,BIC,R2,slope,intercept
0,input,-1001.7489566738184,-983.720520654861,1.9991776161320618,-995.0076806175631,0.9762678372766599,0.9574502320817481,1.4464740145187203
