,area,AIC,AICc,Chi2,BIC,R2,amplitude,exponent
0,input,3371.4262880179326,3389.45472403689,1363179777.5340362,3378.167564074188,0.8657786589006855,33.76575263060491,0.9315540332828955
