,area,AIC,AICc,Chi2,BIC,R2,amplitude,exponent
0,input,3381.8558942739746,3399.884330292932,1430937521.604155,3388.59717033023,0.8499104617788911,42.42980009707149,0.8917576879439835
