,area,AIC,AICc,Chi2,BIC,R2,slope,intercept
0,input,-1041.164803182259,-1023.1363671633017,1.664302947159924,-1034.4235271260036,0.980879729942173,0.9755549707936464,1.3961295430576712
