,area,AIC,AICc,Chi2,BIC,R2,slope,intercept
0,input,-1018.4033755871335,-1000.3749395681762,1.850162532271523,-1011.6620995308782,0.9775930341810136,0.9485651185950444,1.4525356193299395
