,area,AIC,AICc,Chi2,BIC,R2,slope,intercept
0,input,-994.3684111134809,-976.3399750945235,2.068997153441294,-987.6271350572256,0.9746535721599914,0.9417191274811938,1.474218579162098
