,area,AIC,AICc,Chi2,BIC,R2,slope,intercept
0,input,-1007.72035520736,-989.6919191884026,1.9444165492605254,-1000.9790791511047,0.9767062023073655,0.9533034478678586,1.454299523681638
