,area,AIC,AICc,Chi2,BIC,R2,slope,intercept
0,input,-1026.6576042464756,-1008.6291682275182,1.7804777538084113,-1019.9163281902203,0.979334417712012,0.9698055105131331,1.4110539259904242
