,area,AIC,AICc,Chi2,BIC,R2,amplitude,exponent
0,input,3326.5720877206054,3344.600523739563,1106493332.7922244,3333.3133637768606,0.8623265699474099,49.00305186011946,0.8600259815854897
