,area,AIC,AICc,Chi2,BIC,R2,amplitude,exponent
0,input,3390.4036515999396,3408.432087618897,1488973341.30735,3397.144927656195,0.8413222305377073,52.596382305408916,0.8591646067506525
