,area,AIC,AICc,Chi2,BIC,R2,amplitude,exponent
0,input,3313.5243294398774,3331.552765458835,1041340272.6678203,3320.2656054961326,0.8808590104940169,55.87446032834136,0.8486428358092685
