,area,AIC,AICc,Chi2,BIC,R2,slope,intercept
0,input,3360.9009589491866,3378.929394968144,1298052447.036614,3367.6422350054418,0.862700605952133,20.106374181942034,611.9093516411654
