,area,AIC,AICc,Chi2,BIC,R2,amplitude,exponent
0,input,3335.2237095736245,3353.252145592582,1151926728.6402054,3341.9649856298797,0.8601962256488864,68.14813370812341,0.8137969509214528
