,area,AIC,AICc,Chi2,BIC,R2,amplitude,exponent
0,input,3343.4224747148946,3361.450910733852,1196702368.7471895,3350.16375077115,0.8681012373262414,40.92804152884877,0.8955732957778225
