,area,AIC,AICc,Chi2,BIC,R2,amplitude,exponent
0,input,3277.0040206276512,3295.032456646609,878663483.9276472,3283.7452966839064,0.9004887589655154,47.40988263518175,0.8751258565262919
