,area,AIC,AICc,Chi2,BIC,R2,slope,intercept
0,input,-1035.9463341647229,-1017.9178981457655,1.705193057171838,-1029.2050581084675,0.9801397358056334,0.9685297191454039,1.4163704082295752
