,area,AIC,AICc,Chi2,BIC,R2,slope,intercept
0,input,3358.4874311840126,3376.51586720297,1283562368.8830485,3365.228707240268,0.8510015680476408,19.062274466276794,821.5170219534536
