,area,AIC,AICc,Chi2,BIC,R2,amplitude,exponent
0,input,3342.860139208722,3360.8885752276797,1193576466.671498,3349.6014152649773,0.8612758537908032,56.90477604670172,0.8436180082348177
