,area,AIC,AICc,Chi2,BIC,R2,slope,intercept
0,input,3401.552014748117,3419.5804507670746,1568217621.6847165,3408.293290804372,0.8113930510816565,18.28655351192596,1018.878577966835
