,area,AIC,AICc,Chi2,BIC,R2,slope,intercept
0,input,-987.2357882758866,-969.2073522569293,2.138787357159687,-980.4945122196314,0.9745463412893585,0.955398664257063,1.4514676325316211
