,area,AIC,AICc,Chi2,BIC,R2,slope,intercept
0,input,-1021.269203036946,-1003.2407670179887,1.8256645550661943,-1014.5279269806907,0.9789307302570623,0.97238089527396,1.4083106930069766
