,area,AIC,AICc,Chi2,BIC,R2,slope,intercept
0,input,3395.674085902165,3413.7025219211228,1525924563.8115,3402.4153619584204,0.830436666230556,19.246231978954757,1010.2081654990382
