,area,AIC,AICc,Chi2,BIC,R2,slope,intercept
0,input,3352.146296335099,3370.1747323540567,1246258250.4682384,3358.8875723913543,0.8641932403033259,19.826253795139028,551.070416252135
