,area,AIC,AICc,Chi2,BIC,R2,slope,intercept
0,input,3395.6646744765794,3413.693110495537,1525857769.3409688,3402.4059505328346,0.8319503953776947,19.349907558889477,768.5087914996935
