,area,AIC,AICc,Chi2,BIC,R2,amplitude,exponent
0,input,3357.9646962415104,3375.993132260468,1280445401.9193277,3364.7059722977656,0.8564832245563598,54.64517871949641,0.8515309572678846
