,area,AIC,AICc,Chi2,BIC,R2,slope,intercept
0,input,-995.5503439263096,-977.5219079073522,2.057654333635856,-988.8090678700543,0.9759610248981235,0.9649818818434304,1.4202177123390658
