,area,AIC,AICc,Chi2,BIC,R2,slope,intercept
0,input,-1009.6212064847861,-991.5927704658287,1.92730140488787,-1002.8799304285308,0.9779926586364129,0.9770876243206112,1.3969943847596218
