,area,AIC,AICc,Chi2,BIC,R2,amplitude,exponent
0,input,3328.672036112008,3346.7004721309654,1117353627.494104,3335.413312168263,0.8880302095552145,32.08891944721155,0.9390726474493913
