,area,linear,power-law,exponential,quadratic,growth,hill
0,input,400.7958280657545,399.2432203574097,403.97970896750877,412.1992719995143,398.0453283884617,413.631055488327
