,area,linear,quadratic
0,input,-25.943468334677274,-10.01001517706991
