area,log-normal res,normal res,deltaAICc
input,57.42897324909649,50.83788356755578,6.5910896815407085
