,area,linear,quadratic
0,input,-14.347322389377183,0.9022834518366238
