,area,linear,quadratic
0,input,-34.51667517833037,-20.338976353443726
