,area,AIC,AICc,Chi2,BIC,R2,slope,intercept
0,input,243.01135760459076,261.7613576045908,5361554472.4702425,243.98117090416676,0.6791534034042814,942.765230670835,20218.12541523364
