,area,AIC,AICc,Chi2,BIC,R2,i_max,ks
0,input,241.86237624608702,260.612376246087,4872004723.932038,242.83218954566303,0.7084613352747509,251967.65546751942,122.44026956197392
