,area,AIC,AICc,Chi2,BIC,R2,a,b
0,input,256.652864083968,275.402864083968,16710648537.125368,257.622677383544,-4.431059208442889e-08,67906.33426060036,2207989725.224659
