,area,AIC,AICc,Chi2,BIC,R2,amplitude,exponent
0,input,242.41599589086698,261.16599589086695,5102040054.39912,243.38580919044298,0.6946945273045702,4902.03209519385,0.6820524544280965
