,area,AIC,AICc,Chi2,BIC,R2,slope,intercept
0,input,-42.6027829113154,-23.936116244648733,0.3606381790884069,-41.47288419639233,0.7068820383692203,0.5890318053181346,3.659191628379814
