,area,linear,quadratic
0,input,-55.03094609493773,-41.23901044075712
