,area,AIC,AICc,Chi2,BIC,R2,i_max,ks
0,input,179.02186027115425,197.77186027115425,25907982.203781262,179.99167357073026,0.16225754790824354,3835.758135172618,2.7433047339300827
