,area,AIC,AICc,Chi2,BIC,R2,slope,intercept
0,input,177.1499008950479,195.8999008950479,22165887.31700764,178.1197141946239,0.283252128008062,73.69342839429638,1640.3680512502576
