,area,AIC,AICc,Chi2,BIC,R2,amplitude,exponent
0,input,177.87969289858165,196.62969289858165,23555762.909029406,178.84950619815766,0.23844022026048228,1032.0373429125439,0.3850134135864948
