,area,AIC,AICc,Chi2,BIC,R2,a,b
0,input,181.14627497341533,199.89627497341533,30925641.84461757,182.11608827299133,-3.000587467383298e-08,3151.0833931837833,807287118.3374395
