,area,AIC,AICc,Chi2,BIC,R2,slope,intercept
0,input,-33.61495775992821,-15.23995775992821,3.0495205622477015,-31.62349321282023,0.6817922686578066,1.3759154473547146,0.6922205145052411
