area,log-normal res,normal res,deltaAICc
input,406.93005240525935,422.0097258498349,-15.079673444575576
