area,log-normal res,normal res,deltaAICc
input,214.47205008350096,216.93421787184542,-2.462167788344459
