,area,linear,quadratic
0,input,-42.017314459659275,-26.31882573696818
