,area,linear,quadratic
0,input,-2.9254553004039465,9.04291104641894
