,area,AIC,AICc,Chi2,BIC,R2,a,b
0,input,1348.1585144833314,1366.246749777449,9228241762.657948,1352.7118467213634,0.12849838159099614,6884.163953601338,-2060.14637852031
