,area,AIC,AICc,Chi2,BIC,R2,i_max,ks
0,input,1317.2334660191132,1335.3217013132307,6005970013.428642,1321.7867982571452,0.4346094998307942,26035.644691497437,282.38128122474143
