,area,AIC,AICc,Chi2,BIC,R2,amplitude,exponent
0,input,1327.2378358529459,1345.3260711470634,6901256923.2607765,1331.7911680909779,0.35048663493160503,970.6484921483897,0.4231877787607632
