,area,AIC,AICc,Chi2,BIC,R2,slope,intercept
0,input,1340.8972610152873,1358.9854963094049,8342957719.876568,1345.4505932533193,0.21135798305565123,9.56917001075535,4870.63760509452
