,area,AIC,AICc,Chi2,BIC,R2,slope,intercept
0,input,-28.081544766420173,-8.081544766420173,0.07156367438708587,-28.189724468309546,0.8035588444565398,1.0725107027342706,1.3651778417734486
