,area,AIC,AICc,Chi2,BIC,R2,amplitude,exponent
0,input,-9.419657772118637,8.955342227881363,10.22411744696146,-7.428193225010655,0.842277422799006,0.3160694380242036,0.46738839239074154
