,area,AIC,AICc,Chi2,BIC,R2,i_max,ks
0,input,-5.843868545903753,12.531131454096247,12.225682307266347,-3.8524039987957712,0.8185655795566689,7.177410836344014,149.50665022595157
