,area,AIC,AICc,Chi2,BIC,R2,slope,intercept
0,input,-2.2606624884841136,16.114337511515885,14.62451381475494,-0.26919794137613184,0.7743869628953436,0.009770788179555411,1.2516193530831559
