,area,AIC,AICc,Chi2,BIC,R2,a,b
0,input,7.753914541241252,26.12891454124125,24.129327288603314,9.745379088349233,0.6293028516699504,1.7817970311442828,-441.26380838015575
