,area,AIC,AICc,Chi2,BIC,R2,amplitude,exponent
0,VISp,438.6671005479246,456.9171005479246,154550201.40992922,441.331509568275,0.7917410293308345,282.77055740757305,0.5396889781252591
