,area,AIC,AICc,Chi2,BIC,R2,slope,intercept
0,LD,330.0506619976237,348.3006619976237,3194275.980974901,332.71507101797414,0.512039150535823,0.6751990939200321,509.0442044004554
