,area,AIC,AICc,Chi2,BIC,R2,i_max,ks
0,CLA,304.0321242604972,322.2821242604972,1261279.8526635084,306.69653328084763,0.5909648053783894,897.1909879971913,346.890617166698
