,area,AIC,AICc,Chi2,BIC,R2,a,b
0,VISal,337.39853900510593,355.64853900510593,4152807.580668538,340.06294802545636,0.6298701358370566,439.49658893861283,-1089.2236786508647
