,area,AIC,AICc,Chi2,BIC,R2,amplitude,exponent
0,LGd,332.1640925533495,350.4140925533495,3444711.356800022,334.82850157369995,0.5656593645343782,67.41878362542164,0.41824553542930093
