,area,AIC,AICc,Chi2,BIC,R2,i_max,ks
0,RSPd,399.63592798653735,417.88592798653735,38342100.53518832,402.3003370068878,0.5503917238495206,4504.851873615111,240.99033714271607
