,area,AIC,AICc,Chi2,BIC,R2,a,b
0,Thal,423.1488576241478,441.3988576241478,88791951.55212614,425.81326664449824,0.49071643408833066,2686.937513443011,-1525.140096022345
