,area,AIC,AICc,Chi2,BIC,R2,amplitude,exponent
0,RSP,460.93856390263176,479.18856390263176,342382446.64194113,463.6029729229822,0.4926075771029321,879.1118257522303,0.3498257452838226
