,area,AIC,AICc,Chi2,BIC,R2,a,b
0,LP,397.90368893768294,416.15368893768294,36041924.95149333,400.5680979580334,0.39639888018191205,1361.326717661969,-1502.5125448609751
