,area,AIC,AICc,Chi2,BIC,R2,slope,intercept
0,input,546.065979665459,564.315979665459,7159484255.297868,548.7303886858094,0.6263008214679286,40.397810371511476,15501.85108375949
