,area,AIC,AICc,Chi2,BIC,R2,i_max,ks
0,Dist_ctx,455.70862927019937,473.95862927019937,284048499.8143541,458.3730382905498,0.7379485090244272,21401.19613221389,527.8706823325648
