,area,AIC,AICc,Chi2,BIC,R2,slope,intercept
0,AUD,373.6954230587531,391.9454230587531,15181869.480912989,376.3598320791035,0.7765554690859426,2.678863231895193,527.2029437417582
