,area,AIC,AICc,Chi2,BIC,R2,slope,intercept
0,LP,393.55072401048295,411.80072401048295,30852562.48819156,396.2151330308334,0.48279151637828976,1.979152013512139,1064.3260230674161
