,area,AIC,AICc,Chi2,BIC,R2,amplitude,exponent
0,LP,386.02874514465367,404.27874514465367,23584216.77027115,388.6931541650041,0.6047818395282716,249.82584634031818,0.3728667283307553
