,area,AIC,AICc,Chi2,BIC,R2,i_max,ks
0,LGd,337.0038495346602,355.2538495346602,4094680.0338847614,339.66825855501065,0.5015474282349459,1789.904954751129,425.3797957282698
