,area,AIC,AICc,Chi2,BIC,R2,slope,intercept
0,Dist_ctx,461.641186943261,479.891186943261,351082787.44705397,464.30559596361144,0.6758346787601721,9.977650031994576,2636.091876014823
