,area,AIC,AICc,Chi2,BIC,R2,i_max,ks
0,MOs,329.75205161055817,348.00205161055817,3160391.1305985954,332.4164606309086,0.775192282788308,4940555985.764069,3846144228.3733
