,area,AIC,AICc,Chi2,BIC,R2,amplitude,exponent
0,RSPv,410.7472470529587,428.9972470529587,57018817.61559974,413.41165607330913,0.48021014076014634,421.5756657711737,0.3270851413874011
