,area,AIC,AICc,Chi2,BIC,R2,a,b
0,input,552.91632014395,571.16632014395,9143954623.85053,555.5807291643004,0.5236721455410325,21832.240102718348,-1293.5153213310255
