,area,AIC,AICc,Chi2,BIC,R2,amplitude,exponent
0,input,536.554601245785,554.804601245785,5097477760.225833,539.2190102661353,0.734145326743876,2797.0087083037197,0.44414361772231914
