,area,AIC,AICc,Chi2,BIC,R2,amplitude,exponent
0,LD,316.37707759538415,334.62707759538415,1960144.4157752858,319.0414866157346,0.7007301090761635,153.8841277939949,0.3065464314633405
