,area,AIC,AICc,Chi2,BIC,R2,i_max,ks
0,VISal,335.1236130867768,353.3736130867768,3828745.7790881037,337.78802210712723,0.6625523625270214,2252.535315550499,554.6959292931465
