,area,AIC,AICc,Chi2,BIC,R2,amplitude,exponent
0,RSPagl,385.4910762653417,403.7410762653417,23135662.249842234,388.1554852856921,0.44984942752680923,200.5717476532148,0.35336280317867635
