,area,AIC,AICc,Chi2,BIC,R2,slope,intercept
0,VIS,475.3715996631669,493.6215996631669,573291286.0592031,478.0360086835173,0.6729177192052651,12.665626641418417,4650.65757809166
