,area,AIC,AICc,Chi2,BIC,R2,slope,intercept
0,VISam,362.21425665577044,380.46425665577044,10075031.771691972,364.8786656761209,0.2544296955086067,0.6838318873550054,560.0348735806774
