,area,AIC,AICc,Chi2,BIC,R2,a,b
0,LD,334.52811879763453,352.77811879763453,3748177.131587817,337.19252781798497,0.4277912042579535,598.4298140646061,-1740.1801304491298
