,area,AIC,AICc,Chi2,BIC,R2,amplitude,exponent
0,VISpm,386.35035413442404,404.60035413442404,23856667.612432655,389.01476315477447,0.34141443850992437,233.23019152791795,0.3097081504648953
