,area,AIC,AICc,Chi2,BIC,R2,i_max,ks
0,VIS,464.3904011397442,482.6404011397442,387303366.4687012,467.05481016009463,0.7811960537766935,27870.211365158113,433.3345823372592
