,area,AIC,AICc,Chi2,BIC,R2,a,b
0,ORB,388.9337820372738,407.1837820372738,26162550.682007175,391.5981910576242,0.26185898030450383,894.8656840613479,-1552.9453441812436
