,area,AIC,AICc,Chi2,BIC,R2,i_max,ks
0,VISp,439.0556117704971,457.3056117704971,156709593.97286162,441.7200207908475,0.7918183067340413,21153.134447364904,711.2607189838136
