,area,AIC,AICc,Chi2,BIC,R2,a,b
0,RSPd,412.0762620713954,430.3262620713954,59790463.144321404,414.7406710917458,0.2987530423930562,1460.474659736659,-1551.6657508627416
