,area,AIC,AICc,Chi2,BIC,R2,a,b
0,LGd,332.3758577993814,350.6258577993814,3470862.629049467,335.0402668197318,0.5613091600191156,450.2889616654751,-1242.0465367906709
