,area,AIC,AICc,Chi2,BIC,R2,slope,intercept
0,ORB,386.45557871906107,404.70557871906107,23946490.139198903,389.1199877394115,0.32399950624207086,1.2494133421328368,704.4397658739011
