,area,AIC,AICc,Chi2,BIC,R2,amplitude,exponent
0,VISam,354.33371784875044,372.58371784875044,7603528.735283488,356.9981268691009,0.43803673099471374,168.3199383458009,0.3050076772885562
