,area,AIC,AICc,Chi2,BIC,R2,a,b
0,VISpm,394.2977939959548,412.5477939959548,31686821.872146703,396.96220301630524,0.1247234335139289,975.5697239201697,-2173.151389124541
