,area,AIC,AICc,Chi2,BIC,R2,i_max,ks
0,VISl,355.597122704955,373.847122704955,7954470.111446436,358.2615317253054,0.6818678671774216,2813.2358075520033,289.22014811995774
