,area,AIC,AICc,Chi2,BIC,R2,slope,intercept
0,VISal,334.35142355429633,352.60142355429633,3724598.5683937096,337.01583257464677,0.667772016926378,1.0090722825373495,308.5226642178795
