,area,AIC,AICc,Chi2,BIC,R2,amplitude,exponent
0,CLA,304.84137881874324,323.09137881874324,1298265.1977681285,307.50578783909367,0.5795395234427525,25.06464227269194,0.47090877461149805
