,area,AIC,AICc,Chi2,BIC,R2,amplitude,exponent
0,Thal,406.43009913848323,424.68009913848323,48871650.93413901,409.09450815883366,0.7194691355667364,546.9880914910685,0.3542056616312973
