,area,AIC,AICc,Chi2,BIC,R2,a,b
0,ACA,387.3271488556564,405.5771488556564,24703607.07716089,389.9915578760068,0.3277470033367579,761.9285433678024,-1305.546708125737
