,area,AIC,AICc,Chi2,BIC,R2,slope,intercept
0,VISp,444.58056375299105,462.83056375299105,190893195.58901203,447.2449727733415,0.7427073274960341,8.657189169063807,2375.264463946177
