,area,AIC,AICc,Chi2,BIC,R2,amplitude,exponent
0,MOs,329.341813285154,347.591813285154,3114424.6330287713,332.0062223055044,0.7747005942665419,2.7015414866390763,0.8955169493458855
