,area,AIC,AICc,Chi2,BIC,R2,slope,intercept
0,Thal_noLGd,416.33586509939875,434.58586509939875,69614637.11582653,419.0002741197492,0.47323565554994285,2.9165361498273654,1809.869612710892
