,area,AIC,AICc,Chi2,BIC,R2,a,b
0,TEa,358.44923463796414,376.69923463796414,8807425.647820035,361.1136436583146,0.5488222113250891,531.8454590380331,-1109.674801819196
