,area,AIC,AICc,Chi2,BIC,R2,i_max,ks
0,Thal,407.7499210019151,425.9999210019151,51230445.19281164,410.4143300222655,0.7111546544789544,7859.051849308446,217.68496902676176
