,area,AIC,AICc,Chi2,BIC,R2,amplitude,exponent
0,ORB,380.7754079442209,399.0254079442209,19549672.251220427,383.4398169645713,0.4487325801904075,177.10197112395906,0.3600398841416839
