,area,AIC,AICc,Chi2,BIC,R2,amplitude,exponent
0,AM,305.9977466202849,324.2477466202849,1353004.6149414931,308.6621556406353,0.40774154535451046,75.50525584831846,0.289271972666592
