,area,AIC,AICc,Chi2,BIC,R2,slope,intercept
0,MOs,328.7405434302031,346.9905434302031,3048258.6809143517,331.40495245055354,0.7784188472714064,1.2068483757961654,81.41653441083349
