,area,AIC,AICc,Chi2,BIC,R2,a,b
0,PTLp,360.7474823016706,378.9974823016706,9560838.792205768,363.411891322021,0.6703349762655832,566.3419779492392,-960.1126279048551
