,area,AIC,AICc,Chi2,BIC,R2,i_max,ks
0,TEa,343.2686968631765,361.5186968631765,5121427.075487615,345.93310588352693,0.7366947078945456,2891.730810021807,595.8990656081264
