,area,AIC,AICc,Chi2,BIC,R2,a,b
0,Dist_ctx,468.51057625895027,486.76057625895027,448701290.93358445,471.1749852793007,0.5868020398551492,4227.700158437743,-1116.684488109909
