,area,AIC,AICc,Chi2,BIC,R2,amplitude,exponent
0,PTLp,358.0361818049716,376.2861818049716,8678453.13370707,360.700590825322,0.7007079559197711,32.00119201025058,0.6060476798627351
