,area,AIC,AICc,Chi2,BIC,R2,a,b
0,VIS,484.04674003295906,502.29674003295906,781504088.895234,486.7111490533095,0.555316884756567,6704.388315384494,-1287.934176889033
