,area,AIC,AICc,Chi2,BIC,R2,a,b
0,VISl,370.2013185119003,388.4513185119003,13400774.05374114,372.86572753225073,0.4632929079252808,808.8893933174786,-1361.2564798429482
