,area,AIC,AICc,Chi2,BIC,R2,amplitude,exponent
0,VIS,465.4896833559956,483.7396833559956,402811357.88667196,468.15409237634606,0.770236931967834,774.3465492381691,0.46021686616432667
