,area,AIC,AICc,Chi2,BIC,R2,amplitude,exponent
0,AUD,367.8623652493983,386.1123652493983,12326832.931259122,370.5267742697487,0.8186146780815821,53.37997892566485,0.6015228908868935
