,area,AIC,AICc,Chi2,BIC,R2,slope,intercept
0,LGd,330.8837848317034,349.1337848317034,3290747.8173584584,333.5481938520538,0.5839559907494642,0.7926003568176679,362.45498168121895
