,area,AIC,AICc,Chi2,BIC,R2,slope,intercept
0,RSPagl,392.5649538695134,410.8149538695134,29785262.76991931,395.2293628898638,0.29052391524182275,1.2879805945373555,790.014049108684
