,area,AIC,AICc,Chi2,BIC,R2,a,b
0,RSPagl,395.30659795324925,413.55659795324925,32849272.330226168,397.9710069735997,0.2180149847884868,1006.3561350906399,-1709.525264204593
