,area,AIC,AICc,Chi2,BIC,R2,i_max,ks
0,RSP,457.98517295773826,476.23517295773826,308107925.5647832,460.6495819780887,0.5430829690947829,12179.60390564953,199.16908260158485
