,area,AIC,AICc,Chi2,BIC,R2,a,b
0,RSPv,421.52453967792644,439.77453967792644,83787568.98311001,424.1889486982769,0.23565534561184132,1855.255157844344,-1806.7354084486383
