,area,AIC,AICc,Chi2,BIC,R2,slope,intercept
0,VISl,364.7724004866062,383.0224004866062,11038868.45986189,367.43680950695665,0.5572409335417787,1.3746324480843757,597.2149552838591
