,area,AIC,AICc,Chi2,BIC,R2,i_max,ks
0,RSPv,407.6124045406544,425.8624045406544,50979453.84693408,410.2768135610048,0.5351544489670933,4850.244038003658,169.9796719387173
