,area,AIC,AICc,Chi2,BIC,R2,a,b
0,Thal_noLGd,420.54445944734016,438.79445944734016,80905498.59997104,423.2088684676906,0.3882940150575429,2231.9760355328135,-1603.4800811595387
