,area,AIC,AICc,Chi2,BIC,R2,i_max,ks
0,ORB,379.13018485728156,397.38018485728156,18434069.472074386,381.794593877632,0.4796645583147948,2553.758704271483,183.26676485066216
