,area,AIC,AICc,Chi2,BIC,R2,amplitude,exponent
0,VISal,331.98693128757014,350.23693128757014,3422984.826624126,334.6513403079206,0.694797540562174,41.48021044205232,0.5091417766284422
