,area,AIC,AICc,Chi2,BIC,R2,a,b
0,AUD,385.1925197284623,403.4425197284623,22890283.37943339,387.8569287488127,0.665066745027515,993.6789919037332,-1053.84797117247
