,area,AIC,AICc,Chi2,BIC,R2,i_max,ks
0,AM,302.04273919504095,320.29273919504095,1174776.004424799,304.7071482153914,0.4850848577457483,626.675544930286,112.11444905923072
