,area,AIC,AICc,Chi2,BIC,R2,slope,intercept
0,ACA,383.9857588433931,402.2357588433931,21924701.22228386,386.65016786374355,0.4027320871607638,1.4180021963233567,529.5829461393049
