,area,AIC,AICc,Chi2,BIC,R2,i_max,ks
0,ACA,376.57777571791263,394.82777571791263,16827981.813405454,379.24218473826306,0.5418176563906562,2811.2037738514887,290.8588090590499
