,area,AIC,AICc,Chi2,BIC,R2,a,b
0,VISam,364.52236965598917,382.77236965598917,10940733.786844319,367.1867786763396,0.19067338009888501,669.0650520670264,-1988.1522526179688
