,area,AIC,AICc,Chi2,BIC,R2,slope,intercept
0,AM,313.61498040526067,331.86498040526067,1776014.5264205546,316.2793894256111,0.22153220520543282,0.2621850383216947,236.49939160470848
