,area,AIC,AICc,Chi2,BIC,R2,i_max,ks
0,Thal_noLGd,406.0025069429409,424.2525069429409,48130994.3623656,408.66691596329133,0.6387914368422868,6264.800698548981,198.89767483573743
