,area,AIC,AICc,Chi2,BIC,R2,amplitude,exponent
0,RSPd,401.7077651127138,419.9577651127138,41286794.63053742,404.3721741330642,0.5158400070969584,260.78005402414703,0.3764724354765602
