,area,AIC,AICc,Chi2,BIC,R2,a,b
0,RSP,471.61821732583223,489.86821732583223,501370110.0635508,474.28262634618267,0.2565197560196677,4321.02677731588,-1686.7307247681788
