,area,AIC,AICc,Chi2,BIC,R2,i_max,ks
0,AUD,369.16142439478546,387.41142439478546,12912210.252381813,371.8258334151359,0.8107861947151445,6924.427836978989,940.213639886875
