,area,AIC,AICc,Chi2,BIC,R2,a,b
0,CLA,313.46139815563254,331.71139815563254,1766299.6119514562,316.12580717598297,0.4278416823183053,217.20139049481392,-1189.2614006089636
