,area,AIC,AICc,Chi2,BIC,R2,i_max,ks
0,LP,385.8722218764733,404.1222218764733,23452746.056441203,388.53663089682374,0.6099966660942069,4246.988492017453,254.78123246762186
