,area,AIC,AICc,Chi2,BIC,R2,a,b
0,AM,315.31318112828916,333.56318112828916,1887063.3726821886,317.9775901486396,0.1730452300681048,274.3310365669084,-2023.379700124602
