,area,AIC,AICc,Chi2,BIC,R2,slope,intercept
0,TEa,350.5945333023109,368.8445333023109,6653015.041248644,353.2589423226613,0.6579356184430729,1.3192696229291812,300.7500928321604
