,area,AIC,AICc,Chi2,BIC,R2,slope,intercept
0,RSPv,418.74881922999236,436.99881922999236,75879896.55944537,421.4132282503428,0.3074334083696203,2.1403986287090326,1516.8717973633318
