,area,AIC,AICc,Chi2,BIC,R2,i_max,ks
0,LD,316.86039829038083,335.11039829038083,1994273.064890439,319.52480731073126,0.7008914792241587,1478.1481924602836,146.60343364630185
