,area,AIC,AICc,Chi2,BIC,R2,amplitude,exponent
0,VISl,356.2032160682226,374.4532160682226,8128531.178300101,358.86762508857305,0.6742742766439875,121.35686219765476,0.41439083738397275
