,area,AIC,AICc,Chi2,BIC,R2,slope,intercept
0,RSP,468.5294079528197,486.7794079528197,449003171.201065,471.19381697317016,0.33372992994858286,5.530745422768763,3424.997237855844
