,area,AIC,AICc,Chi2,BIC,R2,a,b
0,MOs,328.34791047821466,346.59791047821466,3005812.4510821733,331.0123194985651,0.7818809993058394,264.1651482727216,-783.9041034609515
