,area,AIC,AICc,Chi2,BIC,R2,a,b
0,VISp,454.99812112427344,473.24812112427344,276931368.03179014,457.6625301446239,0.6282596546516444,3815.627487891729,-1154.8569055490195
