,area,AIC,AICc,Chi2,BIC,R2,amplitude,exponent
0,TEa,344.1199887233797,362.3699887233797,5279526.452224495,346.78439774373015,0.7291497347220017,39.11272302837305,0.5488512103532673
