,area,AIC,AICc,Chi2,BIC,R2,i_max,ks
0,VISam,351.2243024432655,369.4743024432655,6804348.523955943,353.88871146361595,0.4967665817684215,1607.7503846671668,139.19295812070962
