,area,AIC,AICc,Chi2,BIC,R2,i_max,ks
0,input,535.3180047929101,553.5680047929101,4877250805.291468,537.9824138132605,0.7463759967194923,84618.77581912163,357.8128926111016
