,area,AIC,AICc,Chi2,BIC,R2,slope,intercept
0,CLA,309.82970658649265,328.07970658649265,1551439.908854839,312.4941156068431,0.496832343585205,0.45645985637386666,146.7384010026398
