,area,AIC,AICc,Chi2,BIC,R2,slope,intercept
0,Thal,417.6713133224762,435.9213133224762,73015330.65072514,420.3357223428266,0.5807737445322378,3.7091365032336823,2172.324594694428
