,area,AIC,AICc,Chi2,BIC,R2,i_max,ks
0,PTLp,361.06054393906714,379.31054393906714,9668336.190317787,363.7249529594176,0.6699025078735603,4482.196239127092,1044.8329309476753
