,area,AIC,AICc,Chi2,BIC,R2,i_max,ks
0,VISpm,383.3707449880329,401.6207449880329,21448380.26399907,386.03515400838336,0.4079095896445386,2482.3454607025724,186.81728188028077
