,area,AIC,AICc,Chi2,BIC,R2,slope,intercept
0,PTLp,359.0320333139756,377.2820333139756,8992666.642662372,361.69644233432604,0.6896962851553257,1.6487934034188703,345.9611933104732
