,area,AIC,AICc,Chi2,BIC,R2,amplitude,exponent
0,ACA,378.61204917754714,396.86204917754714,18096086.665175058,381.27645819789757,0.5080019092786054,102.32587121088156,0.43840483267519564
