,area,AIC,AICc,Chi2,BIC,R2,slope,intercept
0,VISpm,392.46816175934555,410.71816175934555,29682477.014763866,395.132570779696,0.179849102111019,0.940900854048103,809.620624324476
