,area,AIC,AICc,Chi2,BIC,R2,slope,intercept
0,RSPd,408.53664612985284,426.78664612985284,52690296.633426495,411.2010551502033,0.3814772753065634,2.10236618713262,1118.1113965229197
