,area,AIC,AICc,Chi2,BIC,R2,i_max,ks
0,RSPagl,382.04264409948723,400.29264409948723,20454787.35875308,384.70705311983767,0.5127748897228759,2865.1748121961637,200.73266124384304
