,area,linear,quadratic
0,input,-23.936116244648733,-7.702440490777242
