area,log-normal res,normal res,deltaAICc
input,132.3796679496972,131.95728917585018,0.42237877384701505
