,area,linear,power-law,exponential,quadratic,growth,hill
0,input,380.6007192071822,380.1271822510522,409.06269571681787,395.9738015328146,381.0697811736439,396.2855316686797
