,area,AIC,AICc,Chi2,BIC,R2,amplitude,exponent
0,input,380.8902791809391,399.2432203574097,1307886861.8669436,382.97932405638596,0.4461742222682078,657.3271826546348,0.629074585959108
