,area,AIC,AICc,Chi2,BIC,R2,i_max,ks
0,input,379.6923872119911,398.0453283884617,1235369700.0355413,381.78143208743796,0.4768862005865041,59925.949365862005,424.20880992967363
