,area,AIC,AICc,Chi2,BIC,R2,slope,intercept
0,input,382.4428868892839,400.7958280657545,1408248104.292562,384.53193176473076,0.40340658574993316,54.05888886290833,6610.990904201841
