,area,AIC,AICc,Chi2,BIC,R2,a,b
0,input,385.62676779103816,403.97970896750877,1638792727.4004717,387.715812666485,0.30618413371086783,11374.270381412029,-521.576345296003
