,area,linear,power-law,exponential,quadratic,growth,hill
0,input,317.33917852596915,314.61732127946544,320.2385413838749,332.1675378217269,316.6119204028745,330.77570645779633
