,area,AIC,AICc,Chi2,BIC,R2,slope,intercept
0,input,-33.09732238937718,-14.347322389377183,0.5452358189081908,-32.12750908980118,0.549657282741046,0.767086345004484,3.506045806430047
