,area,AIC,AICc,Chi2,BIC,R2,slope,intercept
0,input,-44.3720397632487,-25.943468334677274,1.2251168356548492,-42.59129624745637,0.1786450035477284,0.4294665065827525,2.7674311569393666
