area,log-normal res,normal res,deltaAICc
input,439.53910580597665,443.8974644277576,-4.358358621780951
