,area,AIC,AICc,Chi2,BIC,R2,slope,intercept
0,input,245.27232799746528,263.93899466413194,1493456700.7769213,246.40222671238837,0.6260128508214242,770.3000182581707,10774.084133649802
