,area,AIC,AICc,Chi2,BIC,R2,amplitude,exponent
0,input,244.9805155744446,263.6471822411113,1460306371.2247825,246.1104142893677,0.6343197025425369,5190.753721204487,0.5691500520365873
