,area,AIC,AICc,Chi2,BIC,R2,i_max,ks
0,input,245.89244633926234,264.559113005929,1566423158.748819,247.02234505418542,0.6088016271123101,80090.88219539353,34.36497632442445
