,area,AIC,AICc,Chi2,BIC,R2,a,b
0,input,258.0582682682269,276.7249349348936,3993337044.884678,259.18816698315004,-2.4338634885268107e-08,31098.15406413702,2076785917.2243495
