,area,linear,power-law,exponential,quadratic,growth,hill
0,input,263.93899466413194,263.6471822411113,276.7249349348936,280.16633263475455,264.559113005929,279.9805443186301
