,area,linear,quadratic
0,input,-8.081544766420173,9.465049526463623
