,area,linear,quadratic
0,input,-15.23995775992821,0.9115651130541025
