,area,linear,power-law,exponential,lognormal,quadratic,growth,hill
0,input,564.315979665459,554.804601245785,571.16632014395,569.9244481247446,574.0049594350487,553.5680047929101,569.6498216039695
