,area,AIC,AICc,Chi2,BIC,R2,amplitude,exponent
0,input,421.79491393105775,440.04491393105775,84600559.35234238,424.4593229514082,0.8959514857943148,0.06585980423551553,1.8137428894865524
