,area,AIC,AICc,Chi2,BIC,R2,slope,intercept
0,input,439.6409523265816,457.8909523265816,160020093.6155694,442.30536134693205,0.7878325971785904,16.945257283972303,-1577.9148656160373
