,area,AIC,AICc,Chi2,BIC,R2,i_max,ks
0,input,443.9016003008649,462.1516003008649,186319956.39207894,446.56600932121535,0.7661169826431578,365909075332.13275,25892326481.08055
