,area,AIC,AICc,Chi2,BIC,R2,a,b
0,input,407.317485841739,425.567485841739,50445314.84183949,409.98189486208946,0.9332188673802585,1298.0738686646105,-387.8655532443526
