,area,AIC,AICc,Chi2,BIC,R2,slope,intercept
0,input,-60.392314459659275,-42.017314459659275,0.7994083004338799,-58.400849912551294,0.6661891465619263,0.46977472362660483,2.588913640825791
