,area,linear,power-law,exponential,quadratic,growth,hill
0,input,195.8999008950479,196.62969289858165,199.89627497341533,211.4750441170772,197.77186027115425,213.0225828553495
