,area,linear,power-law,exponential,quadratic,growth,hill
0,input,361.03854802999814,359.7646711481306,361.3564346017256,375.269316486556,358.72653921245933,374.3144477906319
