,area,AIC,AICc,Chi2,BIC,R2,slope,intercept
0,input,249.5249172921157,268.1249172921157,578848545.5215122,250.8030319513462,0.00013203816497819876,0.7203133846859086,7590.618019739279
