,area,AIC,AICc,Chi2,BIC,R2,i_max,ks
0,input,245.2617248870743,263.86172488707433,426890320.99057466,246.53983954630482,0.26262840196891735,10965.967300042352,4.47895465125008
