,area,AIC,AICc,Chi2,BIC,R2,amplitude,exponent
0,input,247.46286095458822,266.06286095458825,499571697.11216605,248.74097561381873,0.13731371282299742,4959.05005695283,0.14076572500752813
