,area,AIC,AICc,Chi2,BIC,R2,a,b
0,input,249.5254343813164,268.1254343813164,578869925.6543255,250.8035490405469,9.510754251484954e-05,7604.847782389526,-14777.771225573499
