,area,linear,power-law,exponential,quadratic,growth,hill
0,input,122.08961766438026,122.0921497109419,131.2243971359324,140.03038127617467,122.09974368491541,140.09215294935598
