,area,AIC,AICc,Chi2,BIC,R2,slope,intercept
0,input,-73.1931082570999,-55.03094609493773,6.238958920048747,-69.76596412369128,0.5170624816010332,1.178644705341065,1.3415052362743964
