,area,AIC,AICc,Chi2,BIC,R2,slope,intercept
0,input,-56.171097074533805,-37.81815589806322,1.1962983738060817,-54.08205219908696,0.4338898000821142,0.8306273959711901,2.2994512139028274
