area,log-normal res,normal res,deltaAICc
input,1344.0603471545594,1533.9186171906365,-189.8582700360771
