area,log-normal res,normal res,deltaAICc
input,332.24534502825156,340.05094767722073,-7.80560264896917
