,area,AIC,AICc,Chi2,BIC,R2,slope,intercept
0,input,-18.46411992167286,1.0358800783271391,0.4825969486562558,-18.30523683831319,0.14697785474202485,0.2412547841758842,3.0097768841649652
