,low,high
LGd,-273.51768507808964,481.68796761958276
