,low,high
LGd,-0.42059310879113915,0.7846249505777366
