,area,mean int,median int,95%quant-low,95%quant-high
0,LGd,340.58992663115436,328.33901205651455,78.68854138721838,661.8235021240666
