,area,mean slope,median slope,95%quant-low,95%quant-high
0,LGd,0.573404750135477,0.5428085912777535,0.145044795831167,1.2194493317812185
