,area,mean int,median int,95%quant-low,95%quant-high
0,LGd,447.3070994954866,437.5115973100151,236.52436040120864,704.4596072412294
