,area,mean int,median int,95%quant-low,95%quant-high
0,LGd,363.02393889185004,360.0459117930965,205.43792215617773,534.0366216592223
