,area,mean slope,median slope,95%quant-low,95%quant-high
0,LGd,0.7912019636272671,0.7838058814293682,0.5662171192140423,1.0550513574987261
