,area,mean slope,median slope,95%quant-low,95%quant-high
0,LGd,0.8403063927534222,0.8326839259718398,0.5722136188227657,1.141492841653028
