,area,linear,power-law,exponential,quadratic,growth,hill
0,input,1358.9854963094049,1345.3260711470634,1366.246749777449,1355.2890740101045,1335.3217013132307,1346.5143956004238
