,area,AIC,AICc,Chi2,BIC,R2,a,b
0,input,751.4215235891016,769.5836857512638,3387524735.015208,754.8486677225103,0.5421680591511466,8731.867233247376,-446.90786590835626
