,area,AIC,AICc,Chi2,BIC,R2,i_max,ks
0,input,747.4389424864332,765.6011046485954,3073949950.944065,750.8660866198419,0.5843605385988299,150391.4059879098,1810.112395802559
