,area,AIC,AICc,Chi2,BIC,R2,amplitude,exponent
0,input,746.783504692962,764.9456668551242,3025199609.5312943,750.2106488263706,0.5906998281735676,198.28660190770137,0.8173300217102603
