,area,AIC,AICc,Chi2,BIC,R2,slope,intercept
0,input,747.1578414219209,765.3200035840831,3052946653.2474995,750.5849855553296,0.5869403779379143,57.356656839493525,2948.802792250879
