,area,linear,quadratic
0,input,-64.21383341890385,-51.31732391092266
