,area,linear,power-law,exponential,quadratic,growth,hill
0,input,152.22470741878413,151.49124628343753,152.29644749491914,167.8562627870518,150.67016626190062,166.95604802484712
