,area,linear,quadratic,logistic
0,input,-74.10274902608262,-58.116414707983175,-58.11531069973514
