,area,linear,power-law,exponential,quadratic,growth,hill
0,input,457.8909523265816,440.04491393105775,425.567485841739,449.37244996400716,462.1516003008649,456.1427920684209
