area,log-normal res,normal res,deltaAICc
input,388.6075352040694,396.13217268755767,-7.524637483488277
