,area,AIC,AICc,Chi2,BIC,R2,slope,intercept
0,input,-30.75894531212866,-12.00894531212866,0.6625414704185177,-29.78913201255266,0.6335618807109351,0.8826410319907657,1.5643257185464847
