area,log-normal res,normal res,deltaAICc
input,284.1520959320874,286.5395841058892,-2.3874881738018416
