,area,AIC,AICc,Chi2,BIC,R2,amplitude,exponent
0,input,296.24232127946544,314.61732127946544,44359983.01370852,298.2337858265734,0.7264953021639272,386.6491681969954,0.48857306105571946
