,area,AIC,AICc,Chi2,BIC,R2,i_max,ks
0,input,298.2369204028745,316.6119204028745,49012125.943663366,300.22838494998246,0.6994705285666654,12459.861296797504,236.18082621604918
