,area,AIC,AICc,Chi2,BIC,R2,slope,intercept
0,input,298.96417852596915,317.33917852596915,50827149.0470796,300.9556430730771,0.6866155773020362,10.632337373721791,2267.2438945481745
