,area,AIC,AICc,Chi2,BIC,R2,a,b
0,input,301.8635413838749,320.2385413838749,58756323.706162386,303.8550059309829,0.6379196519048538,2857.8416169581296,-602.36062896098
