,area,AIC,AICc,Chi2,BIC,R2,slope,intercept
0,input,-34.433305124492584,-15.683305124492584,0.48779073966697745,-33.46349182491658,0.32740364921466447,0.343819873050382,3.024349796010406
