,area,AIC,AICc,Chi2,BIC,R2,slope,intercept
0,input,362.2257192071822,380.6007192071822,1201718237.1755228,364.21718375429015,0.7590338493245765,63.54413416211823,-1847.4806918374313
