,area,AIC,AICc,Chi2,BIC,R2,a,b
0,input,390.68769571681787,409.06269571681787,4987083263.071018,392.67916026392584,-1.649682057625057e-08,14394.399973810385,20845339767.40045
