,area,AIC,AICc,Chi2,BIC,R2,amplitude,exponent
0,input,361.7521822510522,380.1271822510522,1173599532.101683,363.74364679816017,0.7647842574786248,19.415998424641057,1.1779429858300947
