,area,AIC,AICc,Chi2,BIC,R2,i_max,ks
0,input,362.6947811736439,381.0697811736439,1230235353.3775797,364.68624572075186,0.7557044222284599,831830781198.5267,14019080353.580254
