,area,linear,quadratic
0,input,-37.81815589806322,-21.783653454313608
