area,log-normal res,normal res,deltaAICc
input,355.4820315325775,356.4998626112734,-1.017831078695906
